GP,GROUP_VALUE,PTS,REB,AST,STL,BLK,TOV,PLAYER_NAME,period
44,2022-23,2.2,1.9,0.4,0.2,0.1,0.3,Precious Achiuwa,1
52,2022-23,3.0,1.6,0.3,0.2,0.2,0.3,Precious Achiuwa,2
44,2022-23,2.1,1.8,0.2,0.0,0.1,0.2,Precious Achiuwa,3
50,2022-23,3.3,1.7,0.2,0.3,0.2,0.4,Precious Achiuwa,4
42,2022-23,3.0,3.5,0.8,0.3,0.4,0.5,Steven Adams,1
42,2022-23,2.2,3.0,0.5,0.2,0.2,0.4,Steven Adams,2
42,2022-23,2.3,3.3,0.6,0.3,0.3,0.6,Steven Adams,3
29,2022-23,1.5,2.6,0.6,0.1,0.2,0.5,Steven Adams,4
75,2022-23,5.0,2.1,0.8,0.3,0.2,0.6,Bam Adebayo,1
74,2022-23,5.2,2.3,0.9,0.2,0.2,0.6,Bam Adebayo,2
74,2022-23,4.7,2.4,0.6,0.2,0.2,0.7,Bam Adebayo,3
71,2022-23,5.8,2.5,0.9,0.5,0.2,0.7,Bam Adebayo,4
43,2022-23,3.1,0.7,0.5,0.1,0.1,0.3,Ochai Agbaji,1
47,2022-23,1.8,0.6,0.3,0.1,0.0,0.2,Ochai Agbaji,2
41,2022-23,2.9,0.7,0.5,0.1,0.1,0.3,Ochai Agbaji,3
53,2022-23,2.5,0.6,0.2,0.1,0.1,0.1,Ochai Agbaji,4
77,2022-23,2.8,1.4,0.4,0.2,0.2,0.2,Santi Aldama,1
74,2022-23,2.6,1.4,0.4,0.2,0.2,0.2,Santi Aldama,2
75,2022-23,2.7,1.3,0.4,0.2,0.1,0.2,Santi Aldama,3
61,2022-23,1.5,1.1,0.2,0.1,0.2,0.2,Santi Aldama,4
39,2022-23,1.9,0.7,0.5,0.2,0.1,0.3,Nickeil Alexander-Walker,1
45,2022-23,2.5,0.7,1.0,0.2,0.0,0.4,Nickeil Alexander-Walker,2
40,2022-23,1.8,0.3,0.4,0.2,0.1,0.2,Nickeil Alexander-Walker,3
51,2022-23,2.0,0.6,0.6,0.2,0.2,0.4,Nickeil Alexander-Walker,4
72,2022-23,3.1,1.0,0.7,0.2,0.1,0.2,Grayson Allen,1
72,2022-23,2.2,0.9,0.5,0.2,0.1,0.3,Grayson Allen,2
70,2022-23,2.7,0.8,0.4,0.2,0.0,0.2,Grayson Allen,3
62,2022-23,2.8,0.7,0.7,0.3,0.1,0.3,Grayson Allen,4
68,2022-23,4.5,2.6,0.5,0.3,0.3,0.3,Jarrett Allen,1
66,2022-23,3.6,2.2,0.4,0.2,0.3,0.4,Jarrett Allen,2
66,2022-23,3.7,2.8,0.4,0.2,0.4,0.4,Jarrett Allen,3
61,2022-23,2.9,2.4,0.3,0.1,0.3,0.4,Jarrett Allen,4
52,2022-23,2.3,0.6,0.9,0.3,0.1,0.3,Jose Alvarado,1
60,2022-23,2.7,0.7,1.0,0.3,0.0,0.5,Jose Alvarado,2
53,2022-23,2.1,0.5,0.7,0.3,0.1,0.3,Jose Alvarado,3
55,2022-23,2.7,0.8,0.9,0.3,0.0,0.4,Jose Alvarado,4
69,2022-23,2.6,1.1,1.1,0.3,0.2,0.2,Kyle Anderson,1
64,2022-23,2.2,1.4,1.3,0.3,0.2,0.5,Kyle Anderson,2
66,2022-23,2.7,1.5,1.3,0.3,0.2,0.5,Kyle Anderson,3
65,2022-23,2.2,1.4,1.3,0.3,0.3,0.3,Kyle Anderson,4
63,2022-23,7.9,3.5,1.5,0.3,0.2,1.0,Giannis Antetokounmpo,1
62,2022-23,6.8,2.7,1.5,0.2,0.2,0.9,Giannis Antetokounmpo,2
61,2022-23,9.1,3.0,1.4,0.2,0.1,1.0,Giannis Antetokounmpo,3
56,2022-23,8.6,3.0,1.5,0.2,0.2,1.1,Giannis Antetokounmpo,4
3,2022-23,4.0,1.3,0.3,0.0,0.0,0.0,Thanasis Antetokounmpo,1
4,2022-23,1.0,1.5,1.0,0.0,0.0,0.2,Thanasis Antetokounmpo,2
5,2022-23,1.2,0.6,0.2,0.0,0.2,0.4,Thanasis Antetokounmpo,3
37,2022-23,0.8,0.8,0.2,0.1,0.1,0.2,Thanasis Antetokounmpo,4
60,2022-23,2.8,0.9,0.8,0.2,0.1,0.2,Cole Anthony,1
60,2022-23,3.8,1.3,1.2,0.2,0.2,0.5,Cole Anthony,2
59,2022-23,2.6,1.0,0.7,0.1,0.1,0.4,Cole Anthony,3
60,2022-23,3.8,1.6,1.3,0.2,0.2,0.5,Cole Anthony,4
67,2022-23,4.3,1.2,0.6,0.6,0.3,0.6,OG Anunoby,1
67,2022-23,4.4,1.1,0.5,0.4,0.1,0.4,OG Anunoby,2
66,2022-23,4.6,1.4,0.4,0.6,0.2,0.5,OG Anunoby,3
61,2022-23,3.8,1.4,0.5,0.3,0.2,0.5,OG Anunoby,4
6,2022-23,0.8,0.8,1.0,0.0,0.0,0.3,Ryan Arcidiacono,1
6,2022-23,1.0,0.3,1.0,0.3,0.0,0.3,Ryan Arcidiacono,2
6,2022-23,0.5,0.3,0.3,0.0,0.0,0.0,Ryan Arcidiacono,3
19,2022-23,0.6,0.3,0.5,0.2,0.0,0.2,Ryan Arcidiacono,4
76,2022-23,2.7,1.7,0.7,0.2,0.1,0.3,Deni Avdija,1
75,2022-23,2.4,1.6,0.8,0.2,0.1,0.5,Deni Avdija,2
72,2022-23,2.3,1.7,0.9,0.3,0.1,0.5,Deni Avdija,3
62,2022-23,2.4,1.8,0.6,0.2,0.1,0.5,Deni Avdija,4
67,2022-23,5.3,2.9,0.5,0.1,0.1,0.4,Deandre Ayton,1
66,2022-23,4.6,2.4,0.4,0.1,0.2,0.5,Deandre Ayton,2
65,2022-23,5.2,2.9,0.5,0.2,0.3,0.5,Deandre Ayton,3
55,2022-23,3.5,2.2,0.4,0.2,0.2,0.3,Deandre Ayton,4
19,2022-23,1.2,1.5,0.2,0.1,0.2,0.3,Udoka Azubuike,1
19,2022-23,1.9,1.7,0.1,0.0,0.2,0.2,Udoka Azubuike,2
16,2022-23,1.6,1.5,0.1,0.1,0.2,0.1,Udoka Azubuike,3
28,2022-23,1.5,1.2,0.2,0.1,0.2,0.3,Udoka Azubuike,4
41,2022-23,3.8,1.6,0.3,0.1,0.2,0.3,Marvin Bagley III,1
41,2022-23,3.0,2.0,0.3,0.2,0.2,0.3,Marvin Bagley III,2
39,2022-23,3.7,1.9,0.3,0.2,0.2,0.3,Marvin Bagley III,3
32,2022-23,2.5,1.5,0.1,0.0,0.2,0.2,Marvin Bagley III,4
3,2022-23,2.0,0.3,0.0,0.0,0.0,0.0,Patrick Baldwin Jr.,1
13,2022-23,2.6,1.2,0.0,0.0,0.2,0.4,Patrick Baldwin Jr.,2
6,2022-23,2.3,0.2,0.0,0.2,0.0,0.3,Patrick Baldwin Jr.,3
28,2022-23,2.4,0.8,0.4,0.2,0.1,0.1,Patrick Baldwin Jr.,4
36,2022-23,6.0,1.9,2.3,0.2,0.1,0.8,LaMelo Ball,1
36,2022-23,4.8,1.4,2.2,0.4,0.1,1.1,LaMelo Ball,2
36,2022-23,5.4,1.4,1.9,0.3,0.0,0.6,LaMelo Ball,3
34,2022-23,7.6,1.8,2.1,0.3,0.1,1.2,LaMelo Ball,4
39,2022-23,2.5,1.1,0.2,0.1,0.2,0.2,Mo Bamba,1
43,2022-23,2.3,1.7,0.3,0.2,0.3,0.2,Mo Bamba,2
33,2022-23,1.6,1.3,0.3,0.0,0.3,0.2,Mo Bamba,3
33,2022-23,2.3,2.0,0.4,0.1,0.4,0.2,Mo Bamba,4
72,2022-23,5.4,2.2,1.3,0.2,0.2,0.8,Paolo Banchero,1
72,2022-23,4.5,1.2,0.8,0.2,0.1,0.6,Paolo Banchero,2
72,2022-23,5.9,2.1,1.1,0.2,0.2,1.0,Paolo Banchero,3
67,2022-23,4.3,1.4,0.6,0.2,0.1,0.4,Paolo Banchero,4
58,2022-23,4.6,1.3,1.1,0.3,0.1,0.6,Desmond Bane,1
58,2022-23,5.2,1.1,1.3,0.2,0.1,0.4,Desmond Bane,2
58,2022-23,6.2,1.5,1.1,0.3,0.1,0.6,Desmond Bane,3
55,2022-23,5.6,1.2,1.0,0.2,0.0,0.6,Desmond Bane,4
13,2022-23,1.6,0.5,0.2,0.2,0.2,0.5,Dalano Banton,1
20,2022-23,2.4,0.7,0.6,0.2,0.3,0.5,Dalano Banton,2
12,2022-23,1.2,0.2,0.3,0.2,0.2,0.0,Dalano Banton,3
22,2022-23,2.6,1.0,0.8,0.2,0.0,0.1,Dalano Banton,4
14,2022-23,0.9,1.5,0.4,0.0,0.4,0.1,Dominick Barlow,1
20,2022-23,1.4,1.2,0.1,0.2,0.4,0.4,Dominick Barlow,2
17,2022-23,0.9,1.4,0.2,0.1,0.2,0.1,Dominick Barlow,3
27,2022-23,2.0,1.2,0.5,0.1,0.1,0.1,Dominick Barlow,4
82,2022-23,4.4,1.3,0.5,0.3,0.0,0.3,Harrison Barnes,1
82,2022-23,3.8,1.0,0.4,0.2,0.0,0.3,Harrison Barnes,2
81,2022-23,4.0,1.1,0.4,0.1,0.0,0.2,Harrison Barnes,3
74,2022-23,3.0,1.2,0.2,0.1,0.0,0.2,Harrison Barnes,4
77,2022-23,4.1,1.9,1.4,0.4,0.2,0.5,Scottie Barnes,1
77,2022-23,3.1,1.3,1.1,0.2,0.1,0.5,Scottie Barnes,2
75,2022-23,3.4,1.8,1.1,0.3,0.2,0.5,Scottie Barnes,3
72,2022-23,5.1,1.8,1.2,0.2,0.3,0.5,Scottie Barnes,4
73,2022-23,3.9,1.1,0.9,0.2,0.1,0.6,RJ Barrett,1
72,2022-23,5.6,1.3,0.7,0.1,0.0,0.6,RJ Barrett,2
72,2022-23,5.9,1.2,0.6,0.1,0.1,0.5,RJ Barrett,3
67,2022-23,4.5,1.4,0.6,0.0,0.1,0.6,RJ Barrett,4
26,2022-23,1.9,2.0,0.8,0.2,0.2,0.4,Charles Bassey,1
27,2022-23,1.7,1.5,0.4,0.1,0.4,0.4,Charles Bassey,2
26,2022-23,1.7,1.7,0.3,0.2,0.4,0.4,Charles Bassey,3
31,2022-23,1.9,1.8,0.2,0.1,0.3,0.3,Charles Bassey,4
57,2022-23,2.8,1.1,0.5,0.3,0.1,0.2,Keita Bates-Diop,1
58,2022-23,2.6,1.0,0.4,0.2,0.1,0.3,Keita Bates-Diop,2
59,2022-23,3.4,1.4,0.4,0.1,0.2,0.3,Keita Bates-Diop,3
56,2022-23,2.4,0.6,0.5,0.2,0.0,0.2,Keita Bates-Diop,4
78,2022-23,1.0,1.0,0.4,0.2,0.1,0.1,Nicolas Batum,1
76,2022-23,2.0,1.1,0.6,0.2,0.2,0.2,Nicolas Batum,2
75,2022-23,1.5,0.9,0.3,0.2,0.1,0.2,Nicolas Batum,3
67,2022-23,1.9,1.0,0.3,0.1,0.3,0.1,Nicolas Batum,4
50,2022-23,5.7,1.0,1.9,0.3,0.1,0.8,Bradley Beal,1
48,2022-23,4.7,0.9,1.1,0.3,0.2,0.7,Bradley Beal,2
48,2022-23,6.5,1.0,1.6,0.2,0.2,0.8,Bradley Beal,3
46,2022-23,7.4,1.1,1.0,0.2,0.2,0.7,Bradley Beal,4
80,2022-23,3.5,0.7,0.5,0.2,0.0,0.2,Malik Beasley,1
81,2022-23,3.5,1.1,0.5,0.2,0.0,0.4,Malik Beasley,2
79,2022-23,3.0,0.8,0.2,0.2,0.0,0.3,Malik Beasley,3
75,2022-23,3.0,0.9,0.4,0.2,0.0,0.2,Malik Beasley,4
26,2022-23,1.5,0.9,0.5,0.2,0.0,0.4,MarJon Beauchamp,1
32,2022-23,1.9,0.8,0.3,0.2,0.1,0.2,MarJon Beauchamp,2
25,2022-23,2.1,0.8,0.2,0.1,0.0,0.3,MarJon Beauchamp,3
44,2022-23,2.6,1.0,0.2,0.2,0.0,0.5,MarJon Beauchamp,4
20,2022-23,1.2,0.3,0.0,0.1,0.0,0.0,Davis Bertans,1
42,2022-23,2.7,0.6,0.2,0.1,0.1,0.1,Davis Bertans,2
17,2022-23,1.1,0.6,0.1,0.1,0.0,0.0,Davis Bertans,3
31,2022-23,1.7,0.4,0.3,0.1,0.1,0.2,Davis Bertans,4
67,2022-23,2.0,1.2,0.7,0.2,0.2,0.3,Patrick Beverley,1
67,2022-23,1.7,1.0,0.9,0.2,0.1,0.2,Patrick Beverley,2
66,2022-23,1.5,0.8,0.9,0.3,0.2,0.2,Patrick Beverley,3
56,2022-23,1.1,0.8,0.5,0.3,0.1,0.2,Patrick Beverley,4
77,2022-23,2.8,1.0,0.3,0.2,0.0,0.2,Saddiq Bey,1
77,2022-23,3.4,1.2,0.5,0.3,0.0,0.2,Saddiq Bey,2
76,2022-23,3.9,1.3,0.4,0.2,0.1,0.3,Saddiq Bey,3
72,2022-23,4.0,1.2,0.3,0.2,0.0,0.2,Saddiq Bey,4
19,2022-23,1.4,1.1,0.2,0.2,0.2,0.2,Goga Bitadze,1
25,2022-23,1.5,1.7,0.4,0.1,0.4,0.3,Goga Bitadze,2
23,2022-23,1.9,1.3,0.3,0.3,0.1,0.2,Goga Bitadze,3
31,2022-23,1.9,1.4,0.5,0.2,0.4,0.2,Goga Bitadze,4
43,2022-23,1.6,1.4,0.3,0.0,0.5,0.2,Bismack Biyombo,1
48,2022-23,1.5,1.6,0.3,0.2,0.7,0.2,Bismack Biyombo,2
44,2022-23,1.1,1.3,0.4,0.0,0.2,0.4,Bismack Biyombo,3
45,2022-23,1.7,1.5,0.3,0.1,0.4,0.3,Bismack Biyombo,4
54,2022-23,3.1,0.8,0.6,0.2,0.1,0.3,Bogdan Bogdanovic,1
54,2022-23,3.6,0.8,1.0,0.2,0.1,0.3,Bogdan Bogdanovic,2
54,2022-23,3.0,0.6,0.5,0.1,0.0,0.4,Bogdan Bogdanovic,3
53,2022-23,4.3,0.8,0.6,0.3,0.1,0.3,Bogdan Bogdanovic,4
59,2022-23,6.5,1.2,0.7,0.1,0.0,0.6,Bojan Bogdanovic,1
59,2022-23,4.4,0.9,0.5,0.1,0.1,0.5,Bojan Bogdanovic,2
59,2022-23,6.5,0.9,0.7,0.2,0.1,0.7,Bojan Bogdanovic,3
49,2022-23,4.7,0.9,0.7,0.2,0.0,0.5,Bojan Bogdanovic,4
60,2022-23,2.6,1.8,0.4,0.1,0.4,0.5,Bol Bol,1
70,2022-23,2.8,1.6,0.3,0.2,0.4,0.5,Bol Bol,2
56,2022-23,2.2,1.7,0.2,0.1,0.3,0.4,Bol Bol,3
57,2022-23,2.7,1.6,0.2,0.1,0.3,0.4,Bol Bol,4
53,2022-23,8.5,1.8,1.9,0.3,0.1,1.0,Devin Booker,1
52,2022-23,5.0,0.8,0.9,0.2,0.1,0.5,Devin Booker,2
52,2022-23,9.7,1.3,2.0,0.3,0.1,0.8,Devin Booker,3
46,2022-23,5.3,0.9,0.9,0.2,0.1,0.5,Devin Booker,4
6,2022-23,0.7,0.3,0.0,0.2,0.0,0.2,Brandon Boston Jr.,1
10,2022-23,2.0,0.9,0.4,0.1,0.0,0.6,Brandon Boston Jr.,2
9,2022-23,2.0,0.4,0.2,0.1,0.0,0.0,Brandon Boston Jr.,3
21,2022-23,4.8,0.7,0.7,0.3,0.0,0.2,Brandon Boston Jr.,4
72,2022-23,2.1,1.2,0.0,0.1,0.3,0.1,Chris Boucher,1
72,2022-23,3.3,1.7,0.2,0.2,0.2,0.1,Chris Boucher,2
70,2022-23,1.9,1.4,0.1,0.1,0.2,0.1,Chris Boucher,3
69,2022-23,2.8,1.6,0.1,0.3,0.3,0.2,Chris Boucher,4
22,2022-23,1.7,1.1,0.5,0.1,0.0,0.3,James Bouknight,1
26,2022-23,2.2,0.5,0.3,0.2,0.1,0.5,James Bouknight,2
23,2022-23,2.3,0.7,0.5,0.1,0.0,0.3,James Bouknight,3
25,2022-23,1.8,0.7,0.4,0.2,0.0,0.3,James Bouknight,4
64,2022-23,3.0,0.7,0.6,0.2,0.0,0.2,Malaki Branham,1
63,2022-23,2.6,0.8,0.5,0.1,0.0,0.3,Malaki Branham,2
61,2022-23,2.2,0.8,0.4,0.1,0.0,0.3,Malaki Branham,3
63,2022-23,2.8,0.5,0.5,0.1,0.0,0.3,Malaki Branham,4
52,2022-23,1.1,0.7,0.3,0.3,0.0,0.2,Christian Braun,1
51,2022-23,1.3,0.9,0.2,0.1,0.1,0.2,Christian Braun,2
55,2022-23,1.9,0.7,0.2,0.1,0.1,0.1,Christian Braun,3
64,2022-23,2.0,1.0,0.3,0.2,0.1,0.1,Christian Braun,4
83,2022-23,6.2,1.4,1.0,0.4,0.2,0.4,Mikal Bridges,1
81,2022-23,4.6,0.9,0.9,0.2,0.2,0.3,Mikal Bridges,2
81,2022-23,6.0,1.2,0.9,0.3,0.2,0.5,Mikal Bridges,3
68,2022-23,4.3,1.1,0.6,0.3,0.2,0.4,Mikal Bridges,4
56,2022-23,1.1,0.6,0.2,0.0,0.1,0.1,Oshae Brissett,1
60,2022-23,2.6,1.2,0.4,0.2,0.0,0.2,Oshae Brissett,2
39,2022-23,1.1,0.6,0.1,0.1,0.1,0.1,Oshae Brissett,3
52,2022-23,2.7,1.7,0.2,0.3,0.1,0.2,Oshae Brissett,4
67,2022-23,3.6,0.8,0.7,0.1,0.1,0.3,Malcolm Brogdon,1
67,2022-23,4.6,1.3,1.3,0.1,0.1,0.4,Malcolm Brogdon,2
66,2022-23,3.5,1.0,0.9,0.1,0.1,0.4,Malcolm Brogdon,3
64,2022-23,3.3,1.1,0.9,0.2,0.1,0.4,Malcolm Brogdon,4
73,2022-23,4.9,1.0,0.8,0.4,0.1,0.4,Dillon Brooks,1
73,2022-23,2.6,0.7,0.6,0.2,0.1,0.4,Dillon Brooks,2
73,2022-23,4.5,0.9,0.8,0.2,0.0,0.3,Dillon Brooks,3
64,2022-23,2.6,0.9,0.5,0.1,0.0,0.4,Dillon Brooks,4
80,2022-23,2.8,0.8,0.8,0.2,0.1,0.3,Bruce Brown,1
80,2022-23,3.1,1.0,0.9,0.3,0.2,0.3,Bruce Brown,2
79,2022-23,3.1,1.1,0.9,0.4,0.2,0.4,Bruce Brown,3
76,2022-23,2.6,1.2,0.7,0.2,0.2,0.5,Bruce Brown,4
67,2022-23,7.4,1.8,1.1,0.3,0.1,0.8,Jaylen Brown,1
67,2022-23,6.3,1.7,0.7,0.2,0.1,0.7,Jaylen Brown,2
66,2022-23,6.3,1.8,0.8,0.2,0.1,0.8,Jaylen Brown,3
62,2022-23,6.6,1.5,0.8,0.4,0.1,0.7,Jaylen Brown,4
2,2022-23,1.0,1.0,0.5,0.5,0.0,0.5,Kendall Brown,1
2,2022-23,0.0,0.5,0.0,0.0,0.0,0.5,Kendall Brown,2
1,2022-23,1.0,2.0,1.0,0.0,0.0,0.0,Kendall Brown,3
4,2022-23,1.5,0.2,0.2,0.8,0.0,0.0,Kendall Brown,4
12,2022-23,1.4,1.8,0.2,0.0,0.2,0.2,Moses Brown,1
13,2022-23,1.5,1.7,0.1,0.0,0.2,0.3,Moses Brown,2
14,2022-23,1.4,1.9,0.0,0.0,0.3,0.3,Moses Brown,3
30,2022-23,3.3,2.3,0.0,0.1,0.2,0.2,Moses Brown,4
1,2022-23,0.0,0.0,0.0,0.0,0.0,0.0,Greg Brown III,1
2,2022-23,1.5,1.0,0.0,0.0,1.0,0.0,Greg Brown III,2
16,2022-23,1.6,1.1,0.2,0.2,0.2,0.4,Greg Brown III,4
76,2022-23,2.4,1.3,0.3,0.2,0.0,0.2,Troy Brown Jr.,1
74,2022-23,1.4,0.9,0.3,0.3,0.1,0.1,Troy Brown Jr.,2
73,2022-23,2.0,1.1,0.4,0.2,0.0,0.1,Troy Brown Jr.,3
63,2022-23,1.7,0.9,0.2,0.2,0.0,0.2,Troy Brown Jr.,4
68,2022-23,6.2,1.2,1.5,0.3,0.1,0.5,Jalen Brunson,1
68,2022-23,6.1,0.8,1.5,0.2,0.0,0.6,Jalen Brunson,2
67,2022-23,6.4,0.9,2.0,0.3,0.0,0.4,Jalen Brunson,3
63,2022-23,5.4,0.7,1.2,0.2,0.1,0.6,Jalen Brunson,4
52,2022-23,2.9,1.5,0.2,0.0,0.1,0.1,Thomas Bryant,1
52,2022-23,2.7,1.7,0.1,0.1,0.2,0.3,Thomas Bryant,2
47,2022-23,2.9,1.7,0.1,0.1,0.1,0.1,Thomas Bryant,3
46,2022-23,3.3,2.1,0.1,0.1,0.2,0.2,Thomas Bryant,4
78,2022-23,2.2,0.8,0.3,0.1,0.0,0.1,Reggie Bullock Jr.,1
77,2022-23,1.6,0.9,0.4,0.2,0.0,0.1,Reggie Bullock Jr.,2
77,2022-23,1.8,0.9,0.4,0.1,0.0,0.2,Reggie Bullock Jr.,3
70,2022-23,1.7,1.0,0.4,0.2,0.1,0.1,Reggie Bullock Jr.,4
50,2022-23,3.4,0.8,0.5,0.3,0.0,0.2,Alec Burks,1
51,2022-23,3.1,0.9,0.6,0.2,0.1,0.3,Alec Burks,2
51,2022-23,3.4,0.8,0.7,0.2,0.0,0.4,Alec Burks,3
45,2022-23,3.2,0.7,0.4,0.1,0.0,0.3,Alec Burks,4
2,2022-23,5.0,0.0,0.0,0.5,0.0,0.5,Jared Butler,1
3,2022-23,1.7,0.7,1.0,0.3,0.0,1.0,Jared Butler,2
2,2022-23,6.0,0.5,0.0,0.5,0.0,0.0,Jared Butler,3
6,2022-23,1.7,0.2,0.8,0.3,0.0,0.2,Jared Butler,4
64,2022-23,6.2,1.7,1.7,0.5,0.1,0.4,Jimmy Butler,1
64,2022-23,5.1,1.3,1.2,0.4,0.0,0.3,Jimmy Butler,2
64,2022-23,7.0,1.7,1.7,0.6,0.1,0.6,Jimmy Butler,3
55,2022-23,5.2,1.3,0.8,0.4,0.1,0.3,Jimmy Butler,4
9,2022-23,1.0,0.3,0.3,0.1,0.1,0.0,John Butler Jr.,1
7,2022-23,0.4,0.1,0.3,0.1,0.1,0.1,John Butler Jr.,2
8,2022-23,1.5,0.1,0.4,0.2,0.1,0.0,John Butler Jr.,3
18,2022-23,1.2,0.7,0.2,0.2,0.3,0.0,John Butler Jr.,4
12,2022-23,1.7,0.9,0.1,0.2,0.0,0.1,Jamal Cain,1
9,2022-23,2.6,1.9,0.3,0.4,0.1,0.0,Jamal Cain,2
10,2022-23,1.2,0.8,0.2,0.0,0.0,0.1,Jamal Cain,3
14,2022-23,3.1,1.1,0.4,0.4,0.0,0.3,Jamal Cain,4
76,2022-23,3.3,0.8,0.7,0.4,0.1,0.3,Kentavious Caldwell-Pope,1
76,2022-23,2.8,0.7,0.6,0.4,0.1,0.3,Kentavious Caldwell-Pope,2
75,2022-23,2.9,0.7,0.8,0.5,0.1,0.3,Kentavious Caldwell-Pope,3
65,2022-23,2.2,0.6,0.3,0.3,0.1,0.3,Kentavious Caldwell-Pope,4
44,2022-23,1.7,0.7,0.5,0.2,0.1,0.3,Vlatko Cancar,1
41,2022-23,2.1,0.8,0.4,0.1,0.0,0.2,Vlatko Cancar,2
39,2022-23,1.6,0.8,0.5,0.2,0.1,0.2,Vlatko Cancar,3
47,2022-23,1.5,0.8,0.4,0.1,0.1,0.2,Vlatko Cancar,4
65,2022-23,3.6,3.6,0.2,0.2,0.3,0.2,Clint Capela,1
65,2022-23,2.8,2.3,0.2,0.1,0.4,0.2,Clint Capela,2
65,2022-23,3.6,3.2,0.4,0.3,0.4,0.3,Clint Capela,3
55,2022-23,2.0,2.1,0.1,0.1,0.3,0.1,Clint Capela,4
77,2022-23,1.8,0.6,0.7,0.2,0.1,0.3,Jevon Carter,1
80,2022-23,2.4,0.6,0.6,0.3,0.1,0.3,Jevon Carter,2
77,2022-23,1.6,0.7,0.7,0.2,0.1,0.1,Jevon Carter,3
73,2022-23,2.5,0.7,0.6,0.2,0.1,0.2,Jevon Carter,4
57,2022-23,4.8,2.8,0.7,0.1,0.2,0.5,Wendell Carter Jr.,1
56,2022-23,3.2,1.7,0.5,0.2,0.2,0.5,Wendell Carter Jr.,2
57,2022-23,4.4,2.5,0.6,0.1,0.1,0.6,Wendell Carter Jr.,3
51,2022-23,3.0,1.9,0.5,0.2,0.1,0.4,Wendell Carter Jr.,4
66,2022-23,1.5,0.8,0.7,0.3,0.2,0.3,Alex Caruso,1
65,2022-23,1.6,0.8,0.8,0.4,0.2,0.3,Alex Caruso,2
60,2022-23,1.8,0.8,0.9,0.3,0.1,0.3,Alex Caruso,3
56,2022-23,1.1,0.8,0.7,0.5,0.1,0.3,Alex Caruso,4
13,2022-23,3.8,1.1,0.2,0.1,0.2,0.1,Julian Champagnie,1
13,2022-23,4.0,1.1,0.1,0.2,0.2,0.4,Julian Champagnie,2
13,2022-23,3.3,1.2,0.2,0.2,0.0,0.2,Julian Champagnie,3
17,2022-23,1.2,0.9,0.2,0.1,0.1,0.2,Julian Champagnie,4
28,2022-23,1.0,0.6,0.1,0.1,0.1,0.1,Max Christie,1
26,2022-23,1.0,0.7,0.2,0.1,0.1,0.1,Max Christie,2
22,2022-23,1.3,0.8,0.2,0.0,0.0,0.1,Max Christie,3
36,2022-23,1.3,0.6,0.2,0.1,0.1,0.2,Max Christie,4
26,2022-23,1.6,0.4,0.1,0.1,0.1,0.2,Josh Christopher,1
53,2022-23,2.2,0.5,0.6,0.2,0.1,0.3,Josh Christopher,2
25,2022-23,1.0,0.3,0.4,0.1,0.0,0.4,Josh Christopher,3
52,2022-23,3.6,0.5,0.6,0.4,0.2,0.5,Josh Christopher,4
56,2022-23,2.3,1.3,0.4,0.1,0.2,0.2,Brandon Clarke,1
55,2022-23,2.3,1.4,0.5,0.2,0.2,0.2,Brandon Clarke,2
54,2022-23,2.2,1.1,0.2,0.2,0.2,0.3,Brandon Clarke,3
51,2022-23,3.5,2.0,0.3,0.1,0.1,0.4,Brandon Clarke,4
61,2022-23,4.6,0.9,0.9,0.1,0.0,0.7,Jordan Clarkson,1
61,2022-23,4.8,0.9,1.2,0.2,0.1,0.7,Jordan Clarkson,2
61,2022-23,6.3,1.4,1.3,0.2,0.1,1.0,Jordan Clarkson,3
54,2022-23,5.5,0.9,1.0,0.1,0.0,0.7,Jordan Clarkson,4
76,2022-23,3.3,2.6,0.5,0.2,0.7,0.2,Nic Claxton,1
76,2022-23,2.9,2.1,0.5,0.2,0.4,0.3,Nic Claxton,2
76,2022-23,3.9,2.6,0.5,0.3,0.7,0.3,Nic Claxton,3
69,2022-23,2.8,2.2,0.4,0.2,0.7,0.4,Nic Claxton,4
22,2022-23,0.9,0.3,0.2,0.0,0.0,0.1,Amir Coffey,1
24,2022-23,1.4,0.5,0.5,0.0,0.0,0.1,Amir Coffey,2
21,2022-23,2.8,0.6,0.6,0.1,0.0,0.1,Amir Coffey,3
47,2022-23,1.3,0.4,0.5,0.1,0.1,0.3,Amir Coffey,4
71,2022-23,4.5,1.7,0.4,0.2,0.3,0.4,John Collins,1
71,2022-23,3.2,1.5,0.3,0.1,0.2,0.3,John Collins,2
70,2022-23,3.4,1.8,0.3,0.2,0.2,0.3,John Collins,3
65,2022-23,2.1,1.5,0.3,0.1,0.3,0.2,John Collins,4
63,2022-23,3.0,1.8,0.8,0.2,0.3,0.5,Zach Collins,1
62,2022-23,3.6,1.5,0.8,0.1,0.3,0.6,Zach Collins,2
63,2022-23,2.7,1.7,0.7,0.1,0.1,0.4,Zach Collins,3
58,2022-23,2.4,1.6,0.6,0.1,0.2,0.6,Zach Collins,4
67,2022-23,2.8,0.4,1.6,0.3,0.0,0.4,Mike Conley,1
66,2022-23,3.1,0.8,1.6,0.4,0.0,0.5,Mike Conley,2
67,2022-23,2.8,0.7,2.0,0.3,0.1,0.3,Mike Conley,3
64,2022-23,3.2,0.8,1.6,0.2,0.1,0.4,Mike Conley,4
57,2022-23,1.9,1.4,0.4,0.1,0.0,0.1,Pat Connaughton,1
58,2022-23,2.3,1.1,0.3,0.2,0.1,0.1,Pat Connaughton,2
58,2022-23,1.9,1.2,0.3,0.2,0.0,0.2,Pat Connaughton,3
54,2022-23,2.1,1.3,0.4,0.2,0.0,0.1,Pat Connaughton,4
37,2022-23,0.6,0.4,0.2,0.0,0.1,0.1,Robert Covington,1
41,2022-23,2.5,1.3,0.5,0.3,0.3,0.4,Robert Covington,2
30,2022-23,1.1,0.8,0.3,0.2,0.2,0.0,Robert Covington,3
42,2022-23,3.1,1.7,0.5,0.5,0.2,0.2,Robert Covington,4
79,2022-23,2.3,1.5,0.5,0.2,0.3,0.3,Torrey Craig,1
77,2022-23,1.8,1.4,0.4,0.1,0.2,0.2,Torrey Craig,2
78,2022-23,2.4,1.5,0.3,0.3,0.2,0.2,Torrey Craig,3
61,2022-23,1.3,1.3,0.3,0.1,0.1,0.3,Torrey Craig,4
17,2022-23,1.5,0.9,0.3,0.1,0.1,0.0,Jae Crowder,1
18,2022-23,2.1,1.4,0.5,0.2,0.1,0.2,Jae Crowder,2
18,2022-23,2.0,0.9,0.6,0.2,0.2,0.2,Jae Crowder,3
16,2022-23,1.6,0.7,0.1,0.2,0.1,0.1,Jae Crowder,4
12,2022-23,5.2,1.7,1.4,0.2,0.1,0.8,Cade Cunningham,1
12,2022-23,5.7,1.4,1.2,0.1,0.1,0.7,Cade Cunningham,2
12,2022-23,5.6,2.3,2.2,0.3,0.2,1.3,Cade Cunningham,3
11,2022-23,3.7,0.8,1.4,0.3,0.2,0.5,Cade Cunningham,4
50,2022-23,1.9,0.4,0.5,0.1,0.0,0.2,Seth Curry,1
59,2022-23,3.5,0.4,0.6,0.2,0.0,0.3,Seth Curry,2
46,2022-23,1.3,0.5,0.3,0.2,0.0,0.3,Seth Curry,3
44,2022-23,4.5,0.8,0.7,0.2,0.1,0.3,Seth Curry,4
56,2022-23,7.2,1.9,1.9,0.3,0.1,0.8,Stephen Curry,1
56,2022-23,7.2,1.1,1.3,0.3,0.0,0.7,Stephen Curry,2
56,2022-23,7.8,1.8,1.9,0.2,0.1,0.9,Stephen Curry,3
50,2022-23,7.9,1.4,1.4,0.2,0.2,0.8,Stephen Curry,4
52,2022-23,1.0,0.8,0.6,0.2,0.0,0.3,Dyson Daniels,1
49,2022-23,1.1,1.0,0.7,0.2,0.0,0.2,Dyson Daniels,2
53,2022-23,1.4,1.0,0.7,0.2,0.1,0.4,Dyson Daniels,3
51,2022-23,1.0,0.9,0.6,0.2,0.1,0.3,Dyson Daniels,4
56,2022-23,7.5,3.5,1.1,0.4,0.8,0.6,Anthony Davis,1
55,2022-23,5.7,2.5,0.6,0.3,0.4,0.5,Anthony Davis,2
54,2022-23,6.9,3.8,0.6,0.2,0.4,0.8,Anthony Davis,3
53,2022-23,6.2,2.9,0.5,0.2,0.5,0.3,Anthony Davis,4
16,2022-23,2.8,1.0,0.6,0.2,0.1,0.2,Johnny Davis,1
16,2022-23,2.4,1.2,0.5,0.1,0.1,0.1,Johnny Davis,2
11,2022-23,2.3,1.2,0.7,0.3,0.2,0.5,Johnny Davis,3
23,2022-23,2.4,0.7,0.1,0.1,0.1,0.3,Johnny Davis,4
1,2022-23,2.0,0.0,0.0,0.0,0.0,1.0,JD Davison,1
1,2022-23,3.0,0.0,1.0,0.0,0.0,1.0,JD Davison,2
1,2022-23,0.0,1.0,1.0,0.0,0.0,0.0,JD Davison,3
12,2022-23,1.2,0.7,0.8,0.2,0.2,0.2,JD Davison,4
74,2022-23,4.7,1.0,1.4,0.3,0.1,0.4,DeMar DeRozan,1
74,2022-23,5.8,1.1,1.3,0.3,0.1,0.6,DeMar DeRozan,2
74,2022-23,6.7,0.9,1.2,0.3,0.1,0.5,DeMar DeRozan,3
70,2022-23,7.1,1.6,1.2,0.2,0.2,0.5,DeMar DeRozan,4
71,2022-23,2.6,1.2,0.9,0.4,0.0,0.3,Donte DiVincenzo,1
72,2022-23,2.5,1.2,0.8,0.4,0.0,0.3,Donte DiVincenzo,2
72,2022-23,1.8,0.9,0.9,0.3,0.1,0.5,Donte DiVincenzo,3
66,2022-23,2.8,1.3,1.0,0.4,0.0,0.4,Donte DiVincenzo,4
9,2022-23,0.4,0.6,0.0,0.1,0.1,0.3,Moussa Diabate,1
7,2022-23,1.4,0.7,0.1,0.0,0.0,0.1,Moussa Diabate,2
6,2022-23,0.8,1.5,0.0,0.3,0.0,0.2,Moussa Diabate,3
18,2022-23,2.2,1.7,0.2,0.2,0.4,0.2,Moussa Diabate,4
30,2022-23,1.6,0.9,0.2,0.1,0.1,0.1,Ousmane Dieng,1
35,2022-23,1.5,0.8,0.3,0.1,0.1,0.2,Ousmane Dieng,2
26,2022-23,1.6,0.9,0.6,0.2,0.0,0.3,Ousmane Dieng,3
24,2022-23,2.1,1.2,0.5,0.1,0.1,0.4,Ousmane Dieng,4
79,2022-23,3.9,0.8,1.8,0.2,0.1,0.4,Spencer Dinwiddie,1
79,2022-23,4.4,1.0,1.9,0.3,0.1,0.5,Spencer Dinwiddie,2
79,2022-23,4.3,0.9,1.5,0.2,0.1,0.4,Spencer Dinwiddie,3
75,2022-23,4.7,0.7,1.3,0.1,0.1,0.5,Spencer Dinwiddie,4
66,2022-23,11.2,2.8,2.8,0.4,0.2,1.1,Luka Doncic,1
65,2022-23,6.4,1.5,1.3,0.2,0.0,0.7,Luka Doncic,2
64,2022-23,10.0,2.7,2.8,0.5,0.2,1.3,Luka Doncic,3
54,2022-23,5.8,2.0,1.3,0.3,0.1,0.6,Luka Doncic,4
73,2022-23,3.9,1.5,0.6,0.3,0.1,0.3,Luguentz Dort,1
74,2022-23,3.3,0.9,0.5,0.2,0.1,0.3,Luguentz Dort,2
74,2022-23,4.0,1.3,0.6,0.3,0.1,0.3,Luguentz Dort,3
61,2022-23,3.0,1.0,0.4,0.2,0.1,0.4,Luguentz Dort,4
76,2022-23,2.3,0.7,0.8,0.2,0.1,0.3,Ayo Dosunmu,1
80,2022-23,2.3,0.7,0.6,0.2,0.1,0.2,Ayo Dosunmu,2
77,2022-23,2.2,0.7,0.6,0.2,0.1,0.4,Ayo Dosunmu,3
78,2022-23,2.1,0.7,0.6,0.2,0.1,0.3,Ayo Dosunmu,4
61,2022-23,1.3,1.7,0.1,0.1,0.1,0.4,Andre Drummond,1
62,2022-23,2.1,2.2,0.1,0.2,0.2,0.3,Andre Drummond,2
53,2022-23,1.5,1.9,0.1,0.2,0.1,0.2,Andre Drummond,3
49,2022-23,2.2,2.2,0.2,0.3,0.1,0.4,Andre Drummond,4
43,2022-23,1.9,0.6,0.3,0.1,0.0,0.2,Chris Duarte,1
43,2022-23,2.9,0.8,0.4,0.3,0.1,0.3,Chris Duarte,2
36,2022-23,1.9,0.6,0.4,0.1,0.1,0.2,Chris Duarte,3
40,2022-23,2.1,0.8,0.4,0.2,0.0,0.3,Chris Duarte,4
22,2022-23,1.9,1.1,1.6,0.2,0.1,0.2,Kris Dunn,1
22,2022-23,2.8,1.0,1.5,0.4,0.0,0.6,Kris Dunn,2
22,2022-23,3.8,1.1,1.2,0.2,0.1,0.4,Kris Dunn,3
22,2022-23,4.7,1.2,1.3,0.4,0.1,0.5,Kris Dunn,4
47,2022-23,8.8,1.9,1.9,0.2,0.3,0.9,Kevin Durant,1
47,2022-23,5.6,1.3,1.0,0.2,0.2,0.8,Kevin Durant,2
47,2022-23,9.0,2.4,1.4,0.3,0.7,1.0,Kevin Durant,3
42,2022-23,6.2,1.2,0.8,0.0,0.3,0.7,Kevin Durant,4
67,2022-23,2.3,2.5,0.3,0.1,0.2,0.3,Jalen Duren,1
66,2022-23,2.6,2.0,0.2,0.2,0.2,0.3,Jalen Duren,2
66,2022-23,2.2,1.8,0.2,0.3,0.2,0.4,Jalen Duren,3
63,2022-23,2.2,2.6,0.3,0.1,0.3,0.3,Jalen Duren,4
81,2022-23,1.6,1.2,0.3,0.2,0.1,0.2,Tari Eason,1
81,2022-23,2.2,1.6,0.4,0.3,0.2,0.3,Tari Eason,2
82,2022-23,2.4,1.3,0.1,0.3,0.1,0.3,Tari Eason,3
79,2022-23,3.2,2.1,0.3,0.4,0.3,0.4,Tari Eason,4
79,2022-23,7.3,1.6,1.3,0.4,0.2,0.8,Anthony Edwards,1
78,2022-23,4.7,1.2,0.9,0.3,0.1,0.7,Anthony Edwards,2
78,2022-23,7.4,1.7,1.5,0.5,0.2,1.1,Anthony Edwards,3
74,2022-23,5.5,1.4,0.9,0.4,0.2,0.7,Anthony Edwards,4
18,2022-23,1.6,0.8,0.5,0.3,0.2,0.2,Kessler Edwards,1
14,2022-23,1.4,0.9,0.2,0.1,0.0,0.1,Kessler Edwards,2
19,2022-23,1.6,0.9,0.1,0.1,0.1,0.2,Kessler Edwards,3
28,2022-23,0.8,0.6,0.3,0.2,0.0,0.1,Kessler Edwards,4
2,2022-23,1.5,0.0,0.0,0.0,0.0,0.0,Keon Ellis,1
1,2022-23,0.0,0.0,0.0,1.0,0.0,0.0,Keon Ellis,2
3,2022-23,0.0,0.7,0.0,0.3,0.3,0.0,Keon Ellis,3
14,2022-23,1.5,0.4,0.4,0.2,0.0,0.1,Keon Ellis,4
66,2022-23,10.2,3.4,1.2,0.3,0.3,1.2,Joel Embiid,1
66,2022-23,6.8,2.0,0.9,0.2,0.3,0.8,Joel Embiid,2
65,2022-23,9.8,2.8,1.3,0.3,0.7,0.9,Joel Embiid,3
57,2022-23,7.2,2.2,0.9,0.2,0.5,0.6,Joel Embiid,4
78,2022-23,1.8,1.7,0.5,0.2,0.3,0.2,Drew Eubanks,1
74,2022-23,2.0,1.4,0.3,0.1,0.4,0.4,Drew Eubanks,2
77,2022-23,1.8,1.5,0.4,0.1,0.3,0.2,Drew Eubanks,3
57,2022-23,1.5,1.2,0.2,0.1,0.4,0.1,Drew Eubanks,4
15,2022-23,1.7,1.3,0.3,0.1,0.5,0.1,Bruno Fernando,1
29,2022-23,1.8,1.6,0.4,0.1,0.4,0.2,Bruno Fernando,2
17,2022-23,1.6,1.2,0.2,0.1,0.3,0.4,Bruno Fernando,3
31,2022-23,1.5,1.7,0.3,0.0,0.3,0.3,Bruno Fernando,4
66,2022-23,2.6,1.5,0.4,0.3,0.2,0.3,Dorian Finney-Smith,1
65,2022-23,1.7,1.0,0.4,0.2,0.1,0.2,Dorian Finney-Smith,2
65,2022-23,2.5,1.4,0.4,0.2,0.2,0.3,Dorian Finney-Smith,3
51,2022-23,2.0,1.1,0.4,0.2,0.2,0.2,Dorian Finney-Smith,4
26,2022-23,1.8,0.4,0.5,0.1,0.0,0.1,Malachi Flynn,1
32,2022-23,1.7,0.7,0.9,0.2,0.0,0.1,Malachi Flynn,2
28,2022-23,1.2,0.4,0.2,0.1,0.0,0.2,Malachi Flynn,3
47,2022-23,2.4,0.7,0.5,0.2,0.0,0.3,Malachi Flynn,4
31,2022-23,2.9,0.6,0.4,0.1,0.0,0.2,Simone Fontecchio,1
39,2022-23,2.1,0.5,0.4,0.1,0.1,0.3,Simone Fontecchio,2
31,2022-23,1.9,0.5,0.2,0.1,0.0,0.3,Simone Fontecchio,3
42,2022-23,2.3,0.8,0.2,0.2,0.1,0.3,Simone Fontecchio,4
12,2022-23,0.8,1.0,1.0,0.3,0.1,0.0,Trent Forrest,1
13,2022-23,1.3,0.8,1.1,0.1,0.0,0.2,Trent Forrest,2
10,2022-23,0.9,0.4,0.4,0.2,0.0,0.6,Trent Forrest,3
22,2022-23,0.7,0.4,0.4,0.0,0.0,0.3,Trent Forrest,4
21,2022-23,1.6,0.4,0.2,0.1,0.0,0.1,Evan Fournier,1
26,2022-23,2.3,0.8,0.5,0.2,0.0,0.3,Evan Fournier,2
16,2022-23,2.2,0.4,0.5,0.4,0.1,0.2,Evan Fournier,3
22,2022-23,1.6,0.6,0.5,0.2,0.0,0.4,Evan Fournier,4
73,2022-23,4.7,1.1,1.5,0.2,0.1,0.5,De'Aaron Fox,1
73,2022-23,6.4,1.0,1.5,0.4,0.0,0.7,De'Aaron Fox,2
71,2022-23,6.1,1.0,1.7,0.3,0.2,0.5,De'Aaron Fox,3
70,2022-23,7.8,1.1,1.4,0.3,0.1,0.7,De'Aaron Fox,4
60,2022-23,3.7,1.2,1.9,0.6,0.1,0.8,Markelle Fultz,1
59,2022-23,2.6,0.6,1.1,0.2,0.0,0.4,Markelle Fultz,2
60,2022-23,4.6,1.3,1.7,0.4,0.2,0.6,Markelle Fultz,3
51,2022-23,3.5,0.8,1.2,0.2,0.1,0.5,Markelle Fultz,4
73,2022-23,2.6,1.6,0.4,0.1,0.2,0.3,Daniel Gafford,1
72,2022-23,2.7,1.4,0.3,0.1,0.3,0.4,Daniel Gafford,2
72,2022-23,2.6,1.5,0.3,0.1,0.4,0.2,Daniel Gafford,3
68,2022-23,2.0,1.6,0.2,0.1,0.4,0.3,Daniel Gafford,4
69,2022-23,5.5,0.6,2.2,0.4,0.0,0.5,Darius Garland,1
69,2022-23,5.5,0.7,1.8,0.3,0.0,0.6,Darius Garland,2
68,2022-23,5.4,0.8,2.1,0.3,0.0,0.9,Darius Garland,3
65,2022-23,5.3,0.7,1.8,0.2,0.0,0.9,Darius Garland,4
67,2022-23,0.6,1.1,0.4,0.1,0.2,0.1,Usman Garuba,1
61,2022-23,1.0,1.3,0.2,0.3,0.1,0.4,Usman Garuba,2
63,2022-23,0.8,1.1,0.2,0.1,0.1,0.1,Usman Garuba,3
61,2022-23,1.1,1.4,0.2,0.2,0.1,0.2,Usman Garuba,4
12,2022-23,2.8,0.7,0.2,0.1,0.0,0.4,Luka Garza,1
12,2022-23,3.2,0.9,0.2,0.2,0.0,0.2,Luka Garza,2
13,2022-23,2.5,1.5,0.4,0.0,0.1,0.3,Luka Garza,3
19,2022-23,4.0,1.3,0.4,0.0,0.1,0.2,Luka Garza,4
56,2022-23,6.5,1.6,1.2,0.4,0.1,0.7,Paul George,1
56,2022-23,5.2,1.3,1.3,0.3,0.1,0.9,Paul George,2
54,2022-23,6.7,1.7,1.7,0.4,0.1,0.8,Paul George,3
53,2022-23,5.7,1.6,1.0,0.4,0.1,0.8,Paul George,4
76,2022-23,3.9,1.8,1.7,0.1,0.1,0.6,Josh Giddey,1
76,2022-23,3.4,2.0,1.7,0.3,0.1,0.7,Josh Giddey,2
75,2022-23,4.7,2.3,1.6,0.2,0.1,0.8,Josh Giddey,3
71,2022-23,4.8,1.8,1.3,0.2,0.1,0.7,Josh Giddey,4
68,2022-23,9.8,1.3,1.8,0.6,0.4,0.9,Shai Gilgeous-Alexander,1
68,2022-23,5.6,0.9,1.0,0.3,0.1,0.4,Shai Gilgeous-Alexander,2
68,2022-23,10.2,1.7,1.9,0.5,0.3,0.9,Shai Gilgeous-Alexander,3
61,2022-23,5.9,1.0,0.9,0.3,0.1,0.6,Shai Gilgeous-Alexander,4
30,2022-23,1.3,0.6,0.2,0.0,0.0,0.2,Anthony Gill,1
35,2022-23,1.4,0.7,0.1,0.1,0.1,0.0,Anthony Gill,2
32,2022-23,1.5,0.8,0.3,0.1,0.2,0.1,Anthony Gill,3
49,2022-23,1.2,0.6,0.3,0.0,0.1,0.1,Anthony Gill,4
1,2022-23,3.0,2.0,0.0,1.0,0.0,1.0,Jacob Gilyard,1
1,2022-23,0.0,1.0,5.0,2.0,0.0,1.0,Jacob Gilyard,2
1,2022-23,0.0,1.0,0.0,0.0,0.0,0.0,Jacob Gilyard,3
1,2022-23,0.0,0.0,2.0,0.0,0.0,0.0,Jacob Gilyard,4
70,2022-23,3.7,3.1,0.4,0.2,0.4,0.4,Rudy Gobert,1
69,2022-23,3.5,3.2,0.4,0.2,0.3,0.5,Rudy Gobert,2
66,2022-23,2.9,2.6,0.2,0.2,0.3,0.5,Rudy Gobert,3
63,2022-23,3.9,3.1,0.3,0.2,0.3,0.5,Rudy Gobert,4
43,2022-23,1.9,1.0,0.7,0.3,0.1,0.2,Jordan Goodwin,1
51,2022-23,1.7,1.1,0.9,0.3,0.1,0.3,Jordan Goodwin,2
50,2022-23,2.3,1.0,0.9,0.2,0.1,0.3,Jordan Goodwin,3
58,2022-23,2.2,1.0,0.8,0.3,0.1,0.3,Jordan Goodwin,4
68,2022-23,4.9,1.9,0.9,0.2,0.2,0.5,Aaron Gordon,1
68,2022-23,4.0,1.6,0.9,0.1,0.2,0.3,Aaron Gordon,2
68,2022-23,4.2,1.9,0.6,0.3,0.2,0.4,Aaron Gordon,3
57,2022-23,3.6,1.4,0.7,0.2,0.2,0.3,Aaron Gordon,4
69,2022-23,3.3,0.6,0.6,0.2,0.1,0.4,Eric Gordon,1
69,2022-23,3.8,0.5,0.8,0.1,0.1,0.4,Eric Gordon,2
66,2022-23,3.0,0.4,0.5,0.2,0.1,0.4,Eric Gordon,3
59,2022-23,2.8,0.5,0.9,0.1,0.1,0.4,Eric Gordon,4
59,2022-23,2.2,0.5,0.7,0.2,0.1,0.2,Devonte' Graham,1
66,2022-23,2.5,0.7,1.0,0.3,0.1,0.3,Devonte' Graham,2
56,2022-23,2.4,0.4,0.8,0.2,0.1,0.3,Devonte' Graham,3
64,2022-23,1.6,0.4,0.7,0.1,0.0,0.1,Devonte' Graham,4
63,2022-23,5.2,1.1,0.7,0.2,0.2,0.6,Jerami Grant,1
63,2022-23,5.8,1.1,0.6,0.2,0.2,0.4,Jerami Grant,2
62,2022-23,5.6,1.2,0.6,0.1,0.3,0.5,Jerami Grant,3
57,2022-23,4.3,1.2,0.6,0.3,0.2,0.4,Jerami Grant,4
12,2022-23,1.7,0.3,0.5,0.0,0.0,0.2,AJ Green,1
22,2022-23,1.9,0.6,0.2,0.0,0.0,0.0,AJ Green,2
17,2022-23,1.3,0.2,0.1,0.1,0.0,0.1,AJ Green,3
30,2022-23,2.4,0.8,0.4,0.1,0.0,0.1,AJ Green,4
3,2022-23,5.7,1.3,0.0,0.0,0.0,0.3,Danny Green,1
7,2022-23,2.9,0.3,0.3,0.1,0.1,0.3,Danny Green,2
4,2022-23,2.2,0.0,0.0,0.2,0.2,0.2,Danny Green,3
11,2022-23,1.4,0.7,0.4,0.4,0.1,0.5,Danny Green,4
73,2022-23,2.0,1.8,2.1,0.2,0.2,0.6,Draymond Green,1
73,2022-23,2.0,1.7,1.7,0.3,0.1,0.8,Draymond Green,2
73,2022-23,2.6,1.8,1.5,0.2,0.2,0.8,Draymond Green,3
69,2022-23,1.9,1.9,1.6,0.3,0.3,0.6,Draymond Green,4
76,2022-23,6.7,1.3,1.2,0.3,0.1,0.9,Jalen Green,1
76,2022-23,4.4,0.8,0.9,0.1,0.1,0.5,Jalen Green,2
75,2022-23,7.4,1.1,1.1,0.3,0.0,0.8,Jalen Green,3
68,2022-23,4.0,0.6,0.5,0.1,0.0,0.5,Jalen Green,4
56,2022-23,2.4,0.5,0.2,0.1,0.1,0.2,Jeff Green,1
55,2022-23,2.1,0.7,0.4,0.0,0.1,0.3,Jeff Green,2
54,2022-23,1.4,0.6,0.3,0.1,0.1,0.1,Jeff Green,3
53,2022-23,2.1,0.8,0.4,0.1,0.1,0.2,Jeff Green,4
59,2022-23,2.2,0.8,0.4,0.2,0.0,0.3,Josh Green,1
57,2022-23,2.8,1.0,0.6,0.2,0.0,0.5,Josh Green,2
60,2022-23,2.3,0.5,0.3,0.1,0.0,0.3,Josh Green,3
59,2022-23,2.0,0.8,0.4,0.2,0.0,0.2,Josh Green,4
55,2022-23,2.7,0.6,0.3,0.2,0.0,0.1,AJ Griffin,1
67,2022-23,2.7,0.7,0.3,0.2,0.1,0.2,AJ Griffin,2
59,2022-23,1.8,0.5,0.2,0.2,0.0,0.1,AJ Griffin,3
69,2022-23,2.7,0.5,0.3,0.1,0.0,0.3,AJ Griffin,4
66,2022-23,3.8,1.2,0.8,0.3,0.2,0.3,Quentin Grimes,1
64,2022-23,2.3,0.8,0.5,0.2,0.0,0.2,Quentin Grimes,2
67,2022-23,3.9,0.9,0.7,0.1,0.1,0.4,Quentin Grimes,3
62,2022-23,2.3,0.6,0.3,0.1,0.0,0.2,Quentin Grimes,4
63,2022-23,2.4,1.2,0.2,0.1,0.1,0.2,Rui Hachimura,1
63,2022-23,3.5,1.1,0.3,0.1,0.1,0.2,Rui Hachimura,2
62,2022-23,2.9,1.0,0.2,0.0,0.0,0.3,Rui Hachimura,3
56,2022-23,2.8,1.4,0.2,0.1,0.2,0.2,Rui Hachimura,4
56,2022-23,5.2,1.1,3.0,0.5,0.1,0.9,Tyrese Haliburton,1
56,2022-23,4.4,0.7,2.2,0.4,0.1,0.5,Tyrese Haliburton,2
56,2022-23,5.9,1.0,3.4,0.6,0.2,0.8,Tyrese Haliburton,3
50,2022-23,5.5,0.9,1.9,0.2,0.1,0.4,Tyrese Haliburton,4
27,2022-23,1.3,0.6,0.1,0.0,0.0,0.4,R.J. Hampton,1
38,2022-23,2.6,0.8,0.4,0.3,0.1,0.4,R.J. Hampton,2
31,2022-23,2.2,0.5,0.3,0.1,0.0,0.2,R.J. Hampton,3
37,2022-23,2.6,0.7,0.7,0.3,0.1,0.2,R.J. Hampton,4
71,2022-23,3.7,1.1,0.5,0.2,0.1,0.3,Tim Hardaway Jr.,1
70,2022-23,3.8,0.7,0.4,0.2,0.0,0.1,Tim Hardaway Jr.,2
70,2022-23,4.0,1.0,0.5,0.2,0.1,0.3,Tim Hardaway Jr.,3
59,2022-23,3.3,0.8,0.6,0.2,0.0,0.2,Tim Hardaway Jr.,4
58,2022-23,5.4,1.6,3.1,0.3,0.1,0.8,James Harden,1
58,2022-23,5.8,1.7,2.4,0.3,0.2,0.8,James Harden,2
58,2022-23,4.1,1.3,2.7,0.3,0.1,0.9,James Harden,3
56,2022-23,5.6,1.6,2.4,0.3,0.2,0.9,James Harden,4
27,2022-23,2.5,0.6,0.4,0.1,0.1,0.2,Jaden Hardy,1
38,2022-23,2.8,0.7,0.6,0.1,0.1,0.4,Jaden Hardy,2
30,2022-23,3.0,0.6,0.5,0.2,0.0,0.3,Jaden Hardy,3
36,2022-23,4.2,0.8,0.5,0.2,0.1,0.5,Jaden Hardy,4
1,2022-23,2.0,0.0,0.0,0.0,0.0,0.0,Ron Harper Jr.,1
1,2022-23,0.0,3.0,0.0,0.0,0.0,0.0,Ron Harper Jr.,2
1,2022-23,0.0,0.0,1.0,0.0,0.0,0.0,Ron Harper Jr.,3
9,2022-23,2.0,0.4,0.3,0.0,0.1,0.0,Ron Harper Jr.,4
48,2022-23,2.8,0.7,0.5,0.4,0.1,0.2,Gary Harris,1
48,2022-23,1.7,0.5,0.4,0.1,0.1,0.2,Gary Harris,2
46,2022-23,2.9,0.7,0.3,0.4,0.1,0.1,Gary Harris,3
34,2022-23,1.4,0.2,0.2,0.0,0.0,0.1,Gary Harris,4
60,2022-23,2.5,0.6,0.5,0.1,0.0,0.1,Joe Harris,1
72,2022-23,2.5,0.6,0.4,0.1,0.1,0.2,Joe Harris,2
63,2022-23,2.1,0.7,0.3,0.2,0.0,0.2,Joe Harris,3
56,2022-23,1.8,0.6,0.4,0.2,0.1,0.1,Joe Harris,4
12,2022-23,2.0,0.7,0.1,0.1,0.1,0.3,Kevon Harris,1
28,2022-23,1.9,0.8,0.1,0.2,0.1,0.2,Kevon Harris,2
20,2022-23,1.7,1.2,0.1,0.1,0.0,0.3,Kevon Harris,3
28,2022-23,1.1,0.6,0.4,0.2,0.0,0.2,Kevon Harris,4
74,2022-23,4.4,1.8,0.6,0.2,0.1,0.2,Tobias Harris,1
74,2022-23,4.2,1.3,0.6,0.3,0.2,0.3,Tobias Harris,2
73,2022-23,3.6,1.2,0.9,0.2,0.1,0.4,Tobias Harris,3
67,2022-23,2.6,1.4,0.5,0.2,0.1,0.2,Tobias Harris,4
76,2022-23,2.2,1.7,0.9,0.2,0.0,0.4,Josh Hart,1
75,2022-23,2.8,2.1,1.2,0.4,0.1,0.4,Josh Hart,2
75,2022-23,2.2,1.9,1.0,0.4,0.1,0.3,Josh Hart,3
70,2022-23,2.7,2.3,0.9,0.3,0.1,0.5,Josh Hart,4
81,2022-23,1.2,1.5,0.3,0.2,0.2,0.2,Isaiah Hartenstein,1
79,2022-23,1.4,1.8,0.5,0.2,0.2,0.1,Isaiah Hartenstein,2
81,2022-23,1.1,1.5,0.2,0.1,0.2,0.2,Isaiah Hartenstein,3
74,2022-23,1.4,2.0,0.3,0.2,0.2,0.3,Isaiah Hartenstein,4
67,2022-23,2.0,0.8,0.3,0.1,0.1,0.2,Sam Hauser,1
68,2022-23,1.9,0.6,0.3,0.1,0.1,0.1,Sam Hauser,2
61,2022-23,1.8,0.7,0.2,0.1,0.0,0.0,Sam Hauser,3
69,2022-23,2.0,1.0,0.2,0.1,0.1,0.1,Sam Hauser,4
27,2022-23,1.7,0.8,0.2,0.2,0.1,0.2,Jaxson Hayes,1
31,2022-23,1.5,1.0,0.4,0.1,0.1,0.3,Jaxson Hayes,2
24,2022-23,1.8,0.9,0.1,0.2,0.2,0.1,Jaxson Hayes,3
42,2022-23,2.2,1.3,0.3,0.2,0.2,0.3,Jaxson Hayes,4
76,2022-23,3.4,0.8,1.7,0.3,0.1,0.7,Killian Hayes,1
75,2022-23,2.1,0.7,1.4,0.3,0.1,0.6,Killian Hayes,2
74,2022-23,2.3,0.8,1.9,0.4,0.1,0.5,Killian Hayes,3
70,2022-23,2.7,0.6,1.3,0.3,0.1,0.5,Killian Hayes,4
50,2022-23,4.8,1.0,1.1,0.2,0.1,0.6,Gordon Hayward,1
50,2022-23,3.6,1.1,1.1,0.2,0.0,0.5,Gordon Hayward,2
49,2022-23,3.6,1.1,1.3,0.2,0.0,0.5,Gordon Hayward,3
47,2022-23,2.9,1.1,0.7,0.2,0.1,0.3,Gordon Hayward,4
67,2022-23,4.8,1.6,1.5,0.2,0.0,0.7,Tyler Herro,1
66,2022-23,5.1,1.2,1.0,0.2,0.0,0.6,Tyler Herro,2
65,2022-23,4.9,1.4,0.9,0.2,0.1,0.6,Tyler Herro,3
62,2022-23,5.9,1.3,0.9,0.2,0.0,0.6,Tyler Herro,4
80,2022-23,4.4,1.3,0.9,0.3,0.0,0.6,Buddy Hield,1
79,2022-23,3.6,1.1,0.7,0.2,0.0,0.3,Buddy Hield,2
80,2022-23,5.0,1.5,0.7,0.2,0.1,0.5,Buddy Hield,3
73,2022-23,4.2,1.2,0.6,0.4,0.1,0.3,Buddy Hield,4
40,2022-23,1.5,0.9,0.3,0.3,0.2,0.3,Haywood Highsmith,1
40,2022-23,1.4,1.4,0.3,0.2,0.2,0.2,Haywood Highsmith,2
43,2022-23,1.0,1.0,0.2,0.1,0.0,0.3,Haywood Highsmith,3
45,2022-23,1.6,1.1,0.2,0.3,0.1,0.3,Haywood Highsmith,4
47,2022-23,1.0,0.3,0.4,0.2,0.1,0.1,Aaron Holiday,1
41,2022-23,1.2,0.5,0.4,0.2,0.1,0.2,Aaron Holiday,2
42,2022-23,1.5,0.3,0.7,0.2,0.0,0.1,Aaron Holiday,3
46,2022-23,1.9,0.5,0.6,0.2,0.1,0.3,Aaron Holiday,4
66,2022-23,4.9,1.4,2.1,0.2,0.1,0.8,Jrue Holiday,1
67,2022-23,4.5,1.2,1.7,0.3,0.1,0.7,Jrue Holiday,2
67,2022-23,5.7,1.5,2.3,0.2,0.1,0.8,Jrue Holiday,3
62,2022-23,4.4,1.0,1.5,0.4,0.1,0.6,Jrue Holiday,4
36,2022-23,0.8,0.6,0.2,0.2,0.1,0.0,Justin Holiday,1
37,2022-23,1.2,0.4,0.3,0.2,0.2,0.2,Justin Holiday,2
34,2022-23,1.3,0.2,0.2,0.0,0.1,0.1,Justin Holiday,3
37,2022-23,2.4,0.3,0.4,0.2,0.1,0.3,Justin Holiday,4
17,2022-23,1.1,0.9,0.1,0.0,0.0,0.1,Richaun Holmes,1
21,2022-23,1.2,0.9,0.1,0.1,0.1,0.3,Richaun Holmes,2
19,2022-23,1.5,0.8,0.1,0.0,0.1,0.2,Richaun Holmes,3
35,2022-23,1.7,0.9,0.1,0.0,0.2,0.1,Richaun Holmes,4
63,2022-23,3.0,2.0,0.9,0.1,0.3,0.1,Al Horford,1
63,2022-23,2.1,1.7,0.8,0.1,0.2,0.1,Al Horford,2
63,2022-23,2.8,1.6,0.9,0.1,0.2,0.2,Al Horford,3
52,2022-23,2.3,1.0,0.4,0.1,0.3,0.1,Al Horford,4
55,2022-23,2.5,1.1,1.2,0.2,0.1,0.7,Talen Horton-Tucker,1
54,2022-23,3.5,0.7,1.1,0.2,0.1,0.6,Talen Horton-Tucker,2
55,2022-23,2.8,1.0,1.2,0.3,0.1,0.5,Talen Horton-Tucker,3
55,2022-23,3.8,1.0,1.1,0.1,0.2,0.4,Talen Horton-Tucker,4
36,2022-23,1.5,0.5,0.3,0.1,0.0,0.1,Danuel House Jr.,1
43,2022-23,1.5,0.5,0.2,0.0,0.1,0.2,Danuel House Jr.,2
39,2022-23,1.5,0.5,0.2,0.1,0.0,0.1,Danuel House Jr.,3
47,2022-23,1.9,0.6,0.3,0.1,0.1,0.2,Danuel House Jr.,4
35,2022-23,0.6,0.5,0.1,0.0,0.0,0.0,Caleb Houstan,1
37,2022-23,1.4,0.8,0.2,0.1,0.1,0.2,Caleb Houstan,2
33,2022-23,1.2,0.5,0.2,0.1,0.1,0.1,Caleb Houstan,3
45,2022-23,1.8,0.8,0.3,0.1,0.0,0.1,Caleb Houstan,4
75,2022-23,3.7,1.0,0.9,0.3,0.1,0.3,Kevin Huerter,1
74,2022-23,3.8,0.8,0.7,0.1,0.0,0.3,Kevin Huerter,2
74,2022-23,4.1,0.8,0.9,0.4,0.1,0.4,Kevin Huerter,3
61,2022-23,4.6,1.0,0.6,0.3,0.1,0.3,Kevin Huerter,4
3,2022-23,3.0,2.0,0.3,0.3,0.3,0.0,Jay Huff,1
3,2022-23,4.7,1.3,0.7,0.0,0.3,0.0,Jay Huff,2
3,2022-23,3.3,0.3,0.3,0.0,0.3,0.3,Jay Huff,3
7,2022-23,2.6,1.4,0.9,0.3,0.1,0.6,Jay Huff,4
67,2022-23,4.4,1.1,0.5,0.2,0.1,0.3,De'Andre Hunter,1
66,2022-23,3.3,1.1,0.3,0.1,0.1,0.4,De'Andre Hunter,2
65,2022-23,5.0,1.2,0.4,0.1,0.1,0.3,De'Andre Hunter,3
61,2022-23,3.1,0.9,0.2,0.1,0.0,0.3,De'Andre Hunter,4
55,2022-23,1.9,0.4,0.7,0.1,0.0,0.3,Bones Hyland,1
56,2022-23,3.9,0.6,0.8,0.2,0.1,0.4,Bones Hyland,2
50,2022-23,2.5,0.5,0.7,0.1,0.1,0.4,Bones Hyland,3
51,2022-23,4.1,1.1,1.1,0.3,0.1,0.5,Bones Hyland,4
46,2022-23,2.0,0.8,1.0,0.2,0.1,0.4,Joe Ingles,1
46,2022-23,1.5,0.7,0.8,0.3,0.0,0.3,Joe Ingles,2
46,2022-23,2.4,1.0,1.0,0.2,0.0,0.2,Joe Ingles,3
32,2022-23,1.4,0.5,0.7,0.2,0.0,0.4,Joe Ingles,4
45,2022-23,8.0,2.1,1.8,0.2,0.1,1.0,Brandon Ingram,1
45,2022-23,4.1,1.0,1.4,0.2,0.1,0.6,Brandon Ingram,2
42,2022-23,8.2,1.7,1.6,0.2,0.2,1.1,Brandon Ingram,3
39,2022-23,5.6,0.9,1.3,0.2,0.1,0.7,Brandon Ingram,4
60,2022-23,5.6,1.2,1.1,0.2,0.1,0.4,Kyrie Irving,1
60,2022-23,6.2,1.2,1.3,0.3,0.1,0.6,Kyrie Irving,2
60,2022-23,5.9,1.0,1.6,0.3,0.3,0.4,Kyrie Irving,3
58,2022-23,9.5,1.7,1.5,0.3,0.2,0.8,Kyrie Irving,4
11,2022-23,2.6,2.0,0.0,0.5,0.3,0.1,Jonathan Isaac,1
2,2022-23,0.0,1.0,0.0,0.5,0.0,0.0,Jonathan Isaac,2
11,2022-23,1.9,1.0,0.5,0.6,0.1,0.3,Jonathan Isaac,3
5,2022-23,1.0,1.8,0.0,0.0,0.0,0.0,Jonathan Isaac,4
74,2022-23,4.2,1.3,1.4,0.2,0.0,0.8,Jaden Ivey,1
73,2022-23,4.3,1.0,1.4,0.2,0.1,1.0,Jaden Ivey,2
74,2022-23,3.7,0.9,1.4,0.2,0.0,0.7,Jaden Ivey,3
72,2022-23,4.0,0.7,1.0,0.2,0.1,0.7,Jaden Ivey,4
55,2022-23,2.3,1.5,0.2,0.2,0.6,0.2,Isaiah Jackson,1
50,2022-23,2.4,1.5,0.4,0.1,0.5,0.3,Isaiah Jackson,2
50,2022-23,1.9,1.0,0.2,0.1,0.4,0.2,Isaiah Jackson,3
54,2022-23,2.1,1.4,0.2,0.1,0.3,0.3,Isaiah Jackson,4
66,2022-23,2.4,0.5,0.8,0.2,0.0,0.5,Reggie Jackson,1
68,2022-23,2.8,0.5,0.8,0.2,0.0,0.6,Reggie Jackson,2
64,2022-23,2.4,0.6,0.9,0.2,0.0,0.3,Reggie Jackson,3
59,2022-23,3.1,0.6,1.1,0.1,0.1,0.4,Reggie Jackson,4
63,2022-23,4.5,1.8,0.2,0.3,0.9,0.4,Jaren Jackson Jr.,1
63,2022-23,4.7,1.6,0.3,0.2,0.7,0.6,Jaren Jackson Jr.,2
63,2022-23,4.0,1.6,0.3,0.3,0.8,0.4,Jaren Jackson Jr.,3
59,2022-23,5.5,1.8,0.2,0.2,0.7,0.4,Jaren Jackson Jr.,4
55,2022-23,5.1,1.6,1.5,0.2,0.1,0.8,LeBron James,1
55,2022-23,7.9,2.3,1.8,0.2,0.2,0.8,LeBron James,2
55,2022-23,7.1,2.2,1.5,0.3,0.2,0.8,LeBron James,3
55,2022-23,8.4,2.0,1.9,0.2,0.2,0.8,LeBron James,4
42,2022-23,1.4,0.4,0.6,0.1,0.0,0.2,Ty Jerome,1
38,2022-23,2.9,0.5,0.7,0.2,0.1,0.1,Ty Jerome,2
39,2022-23,1.5,0.6,1.1,0.1,0.0,0.2,Ty Jerome,3
41,2022-23,1.9,0.5,1.0,0.1,0.0,0.2,Ty Jerome,4
64,2022-23,2.2,0.5,0.3,0.1,0.0,0.1,Isaiah Joe,1
65,2022-23,3.1,0.7,0.3,0.2,0.0,0.2,Isaiah Joe,2
65,2022-23,2.5,0.6,0.2,0.2,0.0,0.1,Isaiah Joe,3
64,2022-23,2.8,0.9,0.5,0.2,0.1,0.2,Isaiah Joe,4
42,2022-23,4.2,1.1,0.5,0.2,0.0,0.1,Cameron Johnson,1
41,2022-23,4.1,1.1,0.5,0.5,0.0,0.4,Cameron Johnson,2
41,2022-23,3.7,1.3,0.5,0.3,0.1,0.2,Cameron Johnson,3
35,2022-23,4.4,1.2,0.5,0.2,0.2,0.2,Cameron Johnson,4
63,2022-23,1.5,1.0,0.2,0.1,0.2,0.1,Jalen Johnson,1
64,2022-23,2.5,1.4,0.4,0.2,0.1,0.3,Jalen Johnson,2
57,2022-23,1.1,0.9,0.2,0.1,0.1,0.1,Jalen Johnson,3
60,2022-23,1.4,1.2,0.4,0.1,0.2,0.1,Jalen Johnson,4
63,2022-23,5.7,1.3,1.2,0.2,0.0,0.5,Keldon Johnson,1
63,2022-23,4.8,1.2,0.8,0.1,0.0,0.5,Keldon Johnson,2
62,2022-23,6.9,1.5,0.6,0.3,0.0,0.6,Keldon Johnson,3
56,2022-23,5.2,1.2,0.4,0.1,0.1,0.4,Keldon Johnson,4
16,2022-23,1.1,0.3,0.6,0.2,0.0,0.6,Keon Johnson,1
19,2022-23,1.5,0.4,0.4,0.2,0.1,0.3,Keon Johnson,2
19,2022-23,2.2,0.4,0.7,0.2,0.1,0.4,Keon Johnson,3
36,2022-23,2.8,0.7,0.8,0.2,0.1,0.6,Keon Johnson,4
69,2022-23,6.9,3.7,3.2,0.4,0.3,1.1,Nikola Jokic,1
69,2022-23,5.6,2.5,2.2,0.3,0.1,0.7,Nikola Jokic,2
69,2022-23,7.2,3.5,2.7,0.4,0.1,1.2,Nikola Jokic,3
59,2022-23,5.5,2.5,2.0,0.2,0.2,0.7,Nikola Jokic,4
21,2022-23,1.2,0.7,0.1,0.0,0.1,0.2,Damian Jones,1
27,2022-23,1.4,1.4,0.1,0.1,0.3,0.3,Damian Jones,2
23,2022-23,1.3,1.3,0.1,0.0,0.2,0.1,Damian Jones,3
32,2022-23,1.5,1.2,0.2,0.1,0.2,0.3,Damian Jones,4
66,2022-23,2.4,0.9,0.7,0.5,0.2,0.4,Herbert Jones,1
65,2022-23,2.4,1.0,0.5,0.4,0.1,0.3,Herbert Jones,2
65,2022-23,2.6,1.1,0.7,0.4,0.1,0.3,Herbert Jones,3
56,2022-23,2.7,1.3,0.7,0.4,0.2,0.4,Herbert Jones,4
68,2022-23,2.5,1.0,1.8,0.3,0.0,0.3,Tre Jones,1
67,2022-23,3.7,0.9,1.8,0.3,0.0,0.6,Tre Jones,2
67,2022-23,3.2,0.9,1.7,0.4,0.0,0.2,Tre Jones,3
65,2022-23,3.6,0.8,1.3,0.3,0.0,0.5,Tre Jones,4
80,2022-23,2.8,0.6,1.3,0.2,0.0,0.2,Tyus Jones,1
80,2022-23,3.0,0.6,1.4,0.3,0.0,0.2,Tyus Jones,2
73,2022-23,2.6,0.8,1.1,0.3,0.0,0.3,Tyus Jones,3
76,2022-23,2.0,0.6,1.5,0.3,0.0,0.2,Tyus Jones,4
40,2022-23,1.5,0.8,0.2,0.0,0.2,0.2,Derrick Jones Jr.,1
48,2022-23,1.7,0.6,0.2,0.1,0.2,0.1,Derrick Jones Jr.,2
47,2022-23,1.7,0.9,0.1,0.2,0.2,0.1,Derrick Jones Jr.,3
59,2022-23,1.6,0.8,0.2,0.2,0.1,0.1,Derrick Jones Jr.,4
36,2022-23,1.7,1.6,0.3,0.2,0.1,0.4,DeAndre Jordan,1
37,2022-23,1.7,1.6,0.3,0.1,0.3,0.4,DeAndre Jordan,2
29,2022-23,1.0,1.4,0.2,0.0,0.1,0.3,DeAndre Jordan,3
27,2022-23,1.8,1.7,0.3,0.0,0.3,0.4,DeAndre Jordan,4
53,2022-23,1.1,0.3,0.8,0.1,0.0,0.1,Cory Joseph,1
56,2022-23,2.4,0.4,1.2,0.3,0.0,0.3,Cory Joseph,2
55,2022-23,1.8,0.4,0.6,0.1,0.0,0.3,Cory Joseph,3
58,2022-23,2.4,0.8,1.2,0.1,0.1,0.3,Cory Joseph,4
11,2022-23,3.3,1.5,0.3,0.1,0.1,0.5,Nikola Jovic,1
8,2022-23,2.2,0.6,0.4,0.2,0.0,0.0,Nikola Jovic,2
10,2022-23,1.9,0.7,0.2,0.3,0.1,0.3,Nikola Jovic,3
9,2022-23,1.0,0.3,0.2,0.1,0.0,0.2,Nikola Jovic,4
10,2022-23,2.3,1.6,0.1,0.0,0.0,0.0,Johnny Juzang,1
11,2022-23,1.5,0.7,0.1,0.1,0.1,0.3,Johnny Juzang,2
15,2022-23,1.0,0.3,0.1,0.1,0.1,0.0,Johnny Juzang,3
14,2022-23,2.4,0.7,0.4,0.1,0.1,0.0,Johnny Juzang,4
58,2022-23,2.5,0.6,0.3,0.1,0.0,0.2,Luke Kennard,1
56,2022-23,3.0,0.8,0.5,0.2,0.1,0.2,Luke Kennard,2
54,2022-23,2.0,0.6,0.4,0.1,0.0,0.2,Luke Kennard,3
48,2022-23,2.5,0.8,0.4,0.1,0.0,0.2,Luke Kennard,4
73,2022-23,2.3,2.3,0.4,0.1,0.8,0.3,Walker Kessler,1
71,2022-23,2.4,2.3,0.2,0.1,0.6,0.3,Walker Kessler,2
71,2022-23,2.6,2.2,0.3,0.1,0.5,0.2,Walker Kessler,3
58,2022-23,2.7,2.3,0.2,0.1,0.6,0.1,Walker Kessler,4
1,2022-23,0.0,0.0,0.0,0.0,0.0,0.0,Braxton Key,2
2,2022-23,2.0,0.5,0.0,0.0,0.0,0.0,Braxton Key,4
71,2022-23,2.9,0.6,0.3,0.1,0.0,0.2,Corey Kispert,1
73,2022-23,3.4,0.8,0.3,0.1,0.1,0.2,Corey Kispert,2
73,2022-23,2.8,0.7,0.4,0.1,0.0,0.2,Corey Kispert,3
68,2022-23,2.4,0.8,0.2,0.2,0.0,0.1,Corey Kispert,4
37,2022-23,1.3,0.9,0.3,0.1,0.1,0.1,Maxi Kleber,1
36,2022-23,1.3,1.2,0.5,0.1,0.3,0.2,Maxi Kleber,2
35,2022-23,1.9,0.7,0.3,0.1,0.2,0.2,Maxi Kleber,3
34,2022-23,1.6,1.0,0.3,0.1,0.2,0.2,Maxi Kleber,4
14,2022-23,1.8,1.0,0.2,0.0,0.2,0.1,Nathan Knight,1
10,2022-23,3.3,1.1,0.1,0.2,0.2,0.5,Nathan Knight,2
19,2022-23,1.7,0.7,0.3,0.1,0.1,0.3,Nathan Knight,3
25,2022-23,1.9,0.7,0.1,0.3,0.0,0.3,Nathan Knight,4
37,2022-23,2.0,0.9,0.1,0.1,0.0,0.2,Kevin Knox II,1
45,2022-23,2.8,1.5,0.2,0.1,0.1,0.4,Kevin Knox II,2
39,2022-23,1.8,0.5,0.1,0.1,0.1,0.3,Kevin Knox II,3
58,2022-23,2.5,1.0,0.3,0.2,0.1,0.3,Kevin Knox II,4
46,2022-23,1.2,1.3,0.2,0.2,0.4,0.2,Christian Koloko,1
42,2022-23,0.7,0.8,0.1,0.1,0.4,0.1,Christian Koloko,2
43,2022-23,1.0,0.9,0.1,0.1,0.2,0.1,Christian Koloko,3
35,2022-23,1.4,1.1,0.3,0.2,0.3,0.1,Christian Koloko,4
60,2022-23,1.3,1.3,0.4,0.3,0.1,0.2,John Konchar,1
68,2022-23,1.9,1.5,0.5,0.4,0.1,0.1,John Konchar,2
57,2022-23,1.7,1.2,0.2,0.3,0.0,0.2,John Konchar,3
56,2022-23,1.1,1.1,0.6,0.3,0.1,0.2,John Konchar,4
18,2022-23,1.6,0.4,0.4,0.1,0.0,0.3,Furkan Korkmaz,1
16,2022-23,1.6,0.6,0.2,0.2,0.1,0.2,Furkan Korkmaz,2
14,2022-23,0.9,0.5,0.1,0.1,0.1,0.2,Furkan Korkmaz,3
35,2022-23,2.1,0.5,0.3,0.1,0.0,0.3,Furkan Korkmaz,4
42,2022-23,1.0,1.1,0.3,0.0,0.3,0.1,Luke Kornet,1
46,2022-23,1.5,1.1,0.3,0.1,0.3,0.2,Luke Kornet,2
38,2022-23,1.4,1.1,0.2,0.1,0.2,0.2,Luke Kornet,3
49,2022-23,2.0,1.3,0.4,0.0,0.3,0.2,Luke Kornet,4
64,2022-23,2.3,0.9,0.6,0.1,0.1,0.4,Jonathan Kuminga,1
63,2022-23,3.0,1.0,0.4,0.2,0.1,0.4,Jonathan Kuminga,2
58,2022-23,2.5,0.9,0.6,0.2,0.2,0.3,Jonathan Kuminga,3
52,2022-23,3.5,1.1,0.6,0.2,0.1,0.5,Jonathan Kuminga,4
64,2022-23,5.2,2.1,1.2,0.1,0.1,0.8,Kyle Kuzma,1
64,2022-23,4.8,1.8,1.0,0.1,0.1,0.7,Kyle Kuzma,2
63,2022-23,5.5,1.8,0.9,0.2,0.1,0.8,Kyle Kuzma,3
63,2022-23,5.8,1.6,0.7,0.1,0.1,0.7,Kyle Kuzma,4
10,2022-23,0.6,0.8,0.0,0.1,0.1,0.2,Jake LaRavia,1
20,2022-23,2.4,1.2,0.4,0.2,0.0,0.4,Jake LaRavia,2
12,2022-23,1.1,0.8,0.3,0.2,0.1,0.1,Jake LaRavia,3
32,2022-23,1.2,0.7,0.3,0.2,0.1,0.2,Jake LaRavia,4
77,2022-23,6.7,1.2,1.6,0.3,0.1,0.7,Zach LaVine,1
77,2022-23,5.5,1.0,1.0,0.2,0.1,0.6,Zach LaVine,2
77,2022-23,6.3,1.3,0.9,0.2,0.0,0.7,Zach LaVine,3
73,2022-23,6.3,1.0,0.8,0.2,0.1,0.6,Zach LaVine,4
55,2022-23,1.9,1.2,0.2,0.1,0.1,0.2,Jock Landale,1
58,2022-23,2.4,1.2,0.4,0.1,0.1,0.3,Jock Landale,2
57,2022-23,1.8,1.1,0.1,0.0,0.2,0.1,Jock Landale,3
58,2022-23,1.9,1.4,0.5,0.1,0.1,0.4,Jock Landale,4
2,2022-23,1.0,1.0,0.0,0.0,0.0,0.0,A.J. Lawson,1
3,2022-23,0.0,0.3,0.0,0.0,0.0,0.3,A.J. Lawson,2
5,2022-23,5.0,1.4,0.0,0.0,0.0,0.2,A.J. Lawson,3
14,2022-23,2.1,0.8,0.1,0.1,0.0,0.1,A.J. Lawson,4
74,2022-23,2.4,0.7,1.0,0.2,0.0,0.4,Caris LeVert,1
74,2022-23,3.5,1.0,1.0,0.2,0.1,0.5,Caris LeVert,2
73,2022-23,2.9,0.8,1.0,0.3,0.1,0.4,Caris LeVert,3
68,2022-23,3.4,1.3,0.8,0.3,0.2,0.3,Caris LeVert,4
65,2022-23,1.3,0.7,0.2,0.0,0.0,0.3,Damion Lee,1
73,2022-23,2.4,1.0,0.4,0.2,0.0,0.3,Damion Lee,2
63,2022-23,1.5,0.6,0.3,0.1,0.0,0.2,Damion Lee,3
71,2022-23,3.5,0.9,0.5,0.1,0.1,0.4,Damion Lee,4
18,2022-23,1.8,0.6,0.7,0.3,0.1,0.4,Saben Lee,1
14,2022-23,1.4,0.6,0.9,0.1,0.0,0.3,Saben Lee,2
15,2022-23,2.7,0.3,0.6,0.2,0.0,0.1,Saben Lee,3
24,2022-23,2.5,1.0,1.3,0.3,0.0,0.5,Saben Lee,4
10,2022-23,0.6,1.4,0.1,0.1,0.3,0.1,Alex Len,1
12,2022-23,1.0,1.4,0.2,0.1,0.2,0.4,Alex Len,2
9,2022-23,0.9,1.3,0.1,0.1,0.1,0.3,Alex Len,3
19,2022-23,0.9,0.9,0.4,0.1,0.2,0.4,Alex Len,4
50,2022-23,6.6,2.2,1.4,0.4,0.2,0.4,Kawhi Leonard,1
52,2022-23,4.4,1.2,0.7,0.4,0.1,0.4,Kawhi Leonard,2
50,2022-23,8.3,1.8,1.2,0.4,0.2,0.7,Kawhi Leonard,3
47,2022-23,5.4,1.5,0.7,0.2,0.1,0.3,Kawhi Leonard,4
7,2022-23,1.7,0.3,0.1,0.4,0.0,0.1,Kira Lewis Jr.,1
10,2022-23,3.5,1.0,1.0,0.2,0.1,0.4,Kira Lewis Jr.,2
7,2022-23,3.0,0.7,0.3,0.1,0.0,0.0,Kira Lewis Jr.,3
21,2022-23,2.2,0.8,0.5,0.2,0.0,0.2,Kira Lewis Jr.,4
58,2022-23,7.1,1.1,2.1,0.2,0.0,0.9,Damian Lillard,1
58,2022-23,9.4,1.1,1.9,0.2,0.1,0.9,Damian Lillard,2
58,2022-23,8.3,1.4,2.2,0.2,0.1,0.7,Damian Lillard,3
53,2022-23,8.0,1.2,1.2,0.2,0.1,0.8,Damian Lillard,4
48,2022-23,2.1,0.6,0.2,0.1,0.0,0.1,Nassir Little,1
54,2022-23,1.8,0.9,0.3,0.2,0.1,0.2,Nassir Little,2
49,2022-23,1.7,0.7,0.2,0.1,0.2,0.3,Nassir Little,3
46,2022-23,1.8,0.6,0.2,0.0,0.1,0.2,Nassir Little,4
50,2022-23,1.2,0.8,0.2,0.1,0.1,0.2,Isaiah Livers,1
50,2022-23,2.0,0.8,0.2,0.2,0.1,0.1,Isaiah Livers,2
47,2022-23,1.8,0.6,0.3,0.1,0.2,0.1,Isaiah Livers,3
44,2022-23,2.2,0.7,0.2,0.2,0.1,0.2,Isaiah Livers,4
5,2022-23,2.2,1.2,0.4,0.0,0.0,0.2,Kenneth Lofton Jr.,1
5,2022-23,1.8,2.0,0.6,0.2,0.2,0.4,Kenneth Lofton Jr.,2
5,2022-23,5.2,1.6,0.4,0.0,0.0,0.4,Kenneth Lofton Jr.,3
22,2022-23,3.4,1.2,0.6,0.2,0.0,0.3,Kenneth Lofton Jr.,4
82,2022-23,2.2,2.6,0.7,0.1,0.1,0.1,Kevon Looney,1
81,2022-23,1.7,2.5,0.7,0.1,0.2,0.2,Kevon Looney,2
81,2022-23,2.0,2.7,0.8,0.3,0.2,0.2,Kevon Looney,3
69,2022-23,1.3,1.8,0.4,0.1,0.2,0.1,Kevon Looney,4
78,2022-23,4.8,1.8,0.3,0.2,0.8,0.3,Brook Lopez,1
78,2022-23,3.4,1.7,0.4,0.1,0.5,0.4,Brook Lopez,2
78,2022-23,4.3,1.7,0.3,0.1,0.7,0.4,Brook Lopez,3
72,2022-23,3.5,1.5,0.3,0.1,0.6,0.3,Brook Lopez,4
18,2022-23,1.6,0.7,0.3,0.0,0.1,0.2,Robin Lopez,1
20,2022-23,1.7,0.7,0.4,0.0,0.2,0.4,Robin Lopez,2
12,2022-23,2.1,0.8,0.0,0.2,0.1,0.4,Robin Lopez,3
22,2022-23,1.1,0.7,0.3,0.0,0.1,0.4,Robin Lopez,4
62,2022-23,2.9,2.1,0.5,0.1,0.1,0.3,Kevin Love,1
56,2022-23,2.4,1.8,0.6,0.1,0.0,0.3,Kevin Love,2
60,2022-23,2.0,1.7,0.6,0.1,0.0,0.4,Kevin Love,3
40,2022-23,2.0,1.6,0.2,0.0,0.1,0.3,Kevin Love,4
53,2022-23,3.2,1.1,1.5,0.4,0.1,0.5,Kyle Lowry,1
55,2022-23,2.7,0.9,1.1,0.2,0.0,0.4,Kyle Lowry,2
54,2022-23,2.9,1.2,1.5,0.4,0.1,0.5,Kyle Lowry,3
45,2022-23,3.2,1.2,1.4,0.2,0.2,0.5,Kyle Lowry,4
71,2022-23,1.8,0.9,0.2,0.0,0.1,0.2,Trey Lyles,1
64,2022-23,2.2,1.2,0.2,0.1,0.1,0.3,Trey Lyles,2
64,2022-23,2.1,1.0,0.2,0.1,0.1,0.2,Trey Lyles,3
62,2022-23,2.4,1.5,0.4,0.2,0.2,0.2,Trey Lyles,4
38,2022-23,1.8,0.5,0.9,0.3,0.1,0.5,Theo Maledon,1
40,2022-23,1.8,0.9,1.2,0.2,0.0,0.4,Theo Maledon,2
39,2022-23,2.3,0.7,0.8,0.3,0.1,0.3,Theo Maledon,3
36,2022-23,1.8,1.1,1.1,0.2,0.2,0.4,Theo Maledon,4
26,2022-23,2.2,1.7,0.9,0.1,0.1,0.4,Sandro Mamukelashvili,1
33,2022-23,2.0,1.7,0.4,0.2,0.0,0.3,Sandro Mamukelashvili,2
23,2022-23,2.0,1.8,0.6,0.1,0.3,0.2,Sandro Mamukelashvili,3
41,2022-23,2.2,1.0,0.3,0.1,0.1,0.2,Sandro Mamukelashvili,4
78,2022-23,2.6,0.8,0.6,0.1,0.1,0.3,Terance Mann,1
78,2022-23,2.2,0.9,0.7,0.2,0.1,0.3,Terance Mann,2
74,2022-23,2.5,1.0,0.6,0.1,0.0,0.2,Terance Mann,3
69,2022-23,2.2,1.0,0.6,0.1,0.1,0.2,Terance Mann,4
54,2022-23,1.8,0.6,0.5,0.1,0.0,0.2,Tre Mann,1
61,2022-23,3.0,0.9,0.6,0.2,0.1,0.4,Tre Mann,2
42,2022-23,2.2,0.6,0.7,0.1,0.0,0.1,Tre Mann,3
54,2022-23,2.7,0.8,0.6,0.2,0.1,0.4,Tre Mann,4
4,2022-23,0.2,1.5,0.0,0.2,0.0,0.8,Boban Marjanovic,1
10,2022-23,2.2,1.2,0.1,0.0,0.0,0.3,Boban Marjanovic,2
2,2022-23,0.0,0.0,0.5,0.5,0.0,0.0,Boban Marjanovic,3
27,2022-23,2.9,1.6,0.3,0.1,0.1,0.3,Boban Marjanovic,4
66,2022-23,6.8,2.2,0.5,0.1,0.1,0.5,Lauri Markkanen,1
66,2022-23,6.3,1.9,0.3,0.1,0.1,0.5,Lauri Markkanen,2
66,2022-23,6.7,2.2,0.5,0.2,0.2,0.5,Lauri Markkanen,3
64,2022-23,5.8,2.3,0.5,0.2,0.2,0.4,Lauri Markkanen,4
71,2022-23,2.0,0.9,0.7,0.2,0.0,0.3,Naji Marshall,1
75,2022-23,3.0,1.2,0.7,0.2,0.1,0.3,Naji Marshall,2
69,2022-23,2.0,0.8,0.6,0.2,0.1,0.4,Naji Marshall,3
72,2022-23,2.6,1.0,0.6,0.2,0.0,0.3,Naji Marshall,4
71,2022-23,2.6,1.2,0.4,0.2,0.1,0.2,Caleb Martin,1
69,2022-23,2.4,1.2,0.4,0.2,0.1,0.3,Caleb Martin,2
70,2022-23,2.3,1.2,0.4,0.3,0.1,0.3,Caleb Martin,3
63,2022-23,2.8,1.4,0.5,0.3,0.2,0.3,Caleb Martin,4
7,2022-23,1.3,0.3,0.4,0.3,0.0,0.0,Cody Martin,1
6,2022-23,0.7,1.5,0.2,0.0,0.0,0.3,Cody Martin,2
6,2022-23,2.2,1.0,0.3,0.2,0.0,0.0,Cody Martin,3
6,2022-23,1.5,1.2,0.8,0.2,0.2,0.0,Cody Martin,4
82,2022-23,3.4,1.4,0.5,0.1,0.0,0.3,KJ Martin,1
82,2022-23,3.2,1.1,0.4,0.2,0.1,0.2,KJ Martin,2
82,2022-23,3.1,1.6,0.4,0.1,0.1,0.3,KJ Martin,3
76,2022-23,3.1,1.4,0.3,0.1,0.1,0.3,KJ Martin,4
22,2022-23,0.7,0.1,0.0,0.2,0.0,0.0,Garrison Mathews,1
48,2022-23,2.6,0.6,0.2,0.2,0.0,0.1,Garrison Mathews,2
23,2022-23,1.4,0.6,0.2,0.0,0.0,0.2,Garrison Mathews,3
47,2022-23,1.8,0.6,0.3,0.2,0.0,0.2,Garrison Mathews,4
78,2022-23,3.4,0.9,0.3,0.1,0.0,0.5,Bennedict Mathurin,1
76,2022-23,5.3,1.2,0.6,0.1,0.0,0.5,Bennedict Mathurin,2
76,2022-23,3.2,0.9,0.3,0.2,0.1,0.6,Bennedict Mathurin,3
71,2022-23,5.3,1.2,0.3,0.2,0.1,0.5,Bennedict Mathurin,4
42,2022-23,0.7,0.6,0.2,0.1,0.1,0.1,Wesley Matthews,1
41,2022-23,1.3,0.5,0.1,0.2,0.0,0.1,Wesley Matthews,2
43,2022-23,0.9,0.6,0.1,0.0,0.1,0.1,Wesley Matthews,3
44,2022-23,1.3,0.9,0.4,0.1,0.1,0.1,Wesley Matthews,4
60,2022-23,4.6,0.7,1.0,0.2,0.0,0.4,Tyrese Maxey,1
60,2022-23,5.5,0.7,0.9,0.2,0.0,0.3,Tyrese Maxey,2
59,2022-23,5.6,0.8,1.0,0.3,0.0,0.4,Tyrese Maxey,3
56,2022-23,5.0,0.8,0.7,0.2,0.0,0.3,Tyrese Maxey,4
6,2022-23,4.2,0.3,1.5,0.0,0.0,0.2,Skylar Mays,1
6,2022-23,5.3,1.5,2.8,0.3,0.2,0.7,Skylar Mays,2
6,2022-23,3.0,0.7,2.7,0.7,0.0,0.7,Skylar Mays,3
5,2022-23,3.4,0.8,1.6,0.0,0.0,0.2,Skylar Mays,4
40,2022-23,0.5,0.1,0.4,0.1,0.0,0.1,Miles McBride,1
51,2022-23,1.2,0.4,0.3,0.3,0.0,0.2,Miles McBride,2
36,2022-23,1.0,0.2,0.2,0.0,0.1,0.2,Miles McBride,3
54,2022-23,2.0,0.3,0.6,0.3,0.0,0.1,Miles McBride,4
75,2022-23,4.9,1.2,1.8,0.2,0.1,0.6,CJ McCollum,1
75,2022-23,5.6,1.0,1.1,0.2,0.1,0.7,CJ McCollum,2
75,2022-23,5.5,1.1,1.5,0.3,0.1,0.5,CJ McCollum,3
72,2022-23,4.9,1.1,1.4,0.2,0.1,0.6,CJ McCollum,4
73,2022-23,2.2,0.6,1.1,0.3,0.1,0.5,T.J. McConnell,1
73,2022-23,2.7,1.0,1.8,0.3,0.0,0.5,T.J. McConnell,2
71,2022-23,1.7,0.6,1.0,0.2,0.0,0.4,T.J. McConnell,3
72,2022-23,2.4,1.0,1.7,0.3,0.0,0.6,T.J. McConnell,4
79,2022-23,3.5,1.2,0.5,0.3,0.2,0.4,Jaden McDaniels,1
78,2022-23,2.9,0.9,0.4,0.3,0.3,0.3,Jaden McDaniels,2
78,2022-23,3.2,0.9,0.4,0.2,0.2,0.3,Jaden McDaniels,3
75,2022-23,2.5,0.9,0.5,0.2,0.2,0.3,Jaden McDaniels,4
80,2022-23,2.5,1.2,0.5,0.2,0.1,0.3,Jalen McDaniels,1
76,2022-23,2.4,0.9,0.4,0.3,0.1,0.2,Jalen McDaniels,2
79,2022-23,2.5,1.1,0.4,0.3,0.1,0.4,Jalen McDaniels,3
74,2022-23,2.4,1.1,0.3,0.3,0.1,0.3,Jalen McDaniels,4
64,2022-23,2.8,0.5,0.4,0.0,0.0,0.2,Doug McDermott,1
64,2022-23,3.1,0.8,0.5,0.0,0.1,0.4,Doug McDermott,2
59,2022-23,1.9,0.4,0.3,0.1,0.0,0.2,Doug McDermott,3
55,2022-23,2.8,0.5,0.3,0.1,0.0,0.2,Doug McDermott,4
22,2022-23,2.2,1.5,0.2,0.1,0.3,0.4,JaVale McGee,1
29,2022-23,2.3,1.2,0.1,0.0,0.2,0.5,JaVale McGee,2
17,2022-23,1.3,1.1,0.1,0.1,0.5,0.4,JaVale McGee,3
16,2022-23,2.8,1.1,0.1,0.0,0.4,0.3,JaVale McGee,4
34,2022-23,1.2,0.6,0.2,0.1,0.0,0.2,Bryce McGowens,1
38,2022-23,2.4,0.9,0.4,0.1,0.1,0.4,Bryce McGowens,2
31,2022-23,1.3,0.6,0.5,0.1,0.0,0.2,Bryce McGowens,3
43,2022-23,1.7,0.5,0.5,0.1,0.0,0.3,Bryce McGowens,4
43,2022-23,0.8,0.4,1.2,0.2,0.0,0.2,Jordan McLaughlin,1
40,2022-23,1.0,0.4,0.8,0.2,0.1,0.1,Jordan McLaughlin,2
38,2022-23,1.5,0.5,0.9,0.2,0.0,0.4,Jordan McLaughlin,3
32,2022-23,0.8,0.3,0.9,0.2,0.0,0.1,Jordan McLaughlin,4
77,2022-23,2.9,1.0,0.9,0.4,0.2,0.4,De'Anthony Melton,1
77,2022-23,2.0,0.9,0.6,0.4,0.1,0.3,De'Anthony Melton,2
77,2022-23,2.9,1.1,0.6,0.5,0.1,0.4,De'Anthony Melton,3
66,2022-23,2.4,1.0,0.5,0.5,0.2,0.3,De'Anthony Melton,4
2,2022-23,2.5,1.5,1.0,0.5,0.0,0.0,Sam Merrill,2
2,2022-23,4.0,1.5,0.0,0.5,0.0,0.0,Sam Merrill,3
5,2022-23,2.4,0.6,0.6,0.4,0.0,0.0,Sam Merrill,4
55,2022-23,1.2,0.7,0.1,0.0,0.1,0.2,Chimezie Metu,1
53,2022-23,2.1,1.4,0.2,0.2,0.1,0.2,Chimezie Metu,2
44,2022-23,1.2,0.7,0.2,0.0,0.0,0.0,Chimezie Metu,3
53,2022-23,1.7,1.0,0.2,0.2,0.2,0.2,Chimezie Metu,4
33,2022-23,4.1,1.2,1.2,0.2,0.0,0.4,Khris Middleton,1
32,2022-23,4.5,1.1,1.3,0.3,0.1,0.8,Khris Middleton,2
31,2022-23,3.7,1.2,1.3,0.2,0.1,0.7,Khris Middleton,3
26,2022-23,3.8,1.0,1.7,0.2,0.0,0.5,Khris Middleton,4
21,2022-23,1.6,0.5,0.8,0.1,0.0,0.2,Patty Mills,1
37,2022-23,2.7,0.4,0.6,0.2,0.1,0.4,Patty Mills,2
17,2022-23,2.9,0.5,0.4,0.1,0.1,0.3,Patty Mills,3
25,2022-23,2.6,0.4,0.4,0.2,0.0,0.2,Patty Mills,4
68,2022-23,1.7,0.7,0.7,0.0,0.1,0.3,Shake Milton,1
70,2022-23,2.8,0.8,1.0,0.1,0.1,0.4,Shake Milton,2
70,2022-23,2.0,0.5,0.7,0.1,0.0,0.3,Shake Milton,3
68,2022-23,2.7,0.7,0.9,0.1,0.0,0.4,Shake Milton,4
4,2022-23,0.5,0.5,0.0,0.2,0.0,0.0,Justin Minaya,1
4,2022-23,0.5,0.5,0.2,0.0,0.8,0.2,Justin Minaya,2
3,2022-23,1.7,1.3,0.7,0.3,0.0,0.0,Justin Minaya,3
4,2022-23,2.0,1.8,0.2,0.0,0.5,0.8,Justin Minaya,4
3,2022-23,0.7,1.0,0.0,0.0,0.0,0.3,Josh Minott,1
2,2022-23,4.0,2.0,0.0,0.5,1.0,0.5,Josh Minott,2
3,2022-23,2.0,1.0,0.0,0.0,0.0,0.3,Josh Minott,3
15,2022-23,2.0,1.0,0.3,0.2,0.3,0.0,Josh Minott,4
80,2022-23,1.5,0.4,0.7,0.2,0.0,0.2,Davion Mitchell,1
76,2022-23,1.4,0.3,0.5,0.1,0.0,0.2,Davion Mitchell,2
79,2022-23,1.6,0.3,0.7,0.2,0.1,0.2,Davion Mitchell,3
68,2022-23,1.3,0.3,0.5,0.1,0.1,0.2,Davion Mitchell,4
68,2022-23,7.6,0.8,1.3,0.5,0.1,0.9,Donovan Mitchell,1
68,2022-23,6.2,1.0,1.1,0.4,0.1,0.6,Donovan Mitchell,2
68,2022-23,7.4,1.1,1.1,0.3,0.1,0.7,Donovan Mitchell,3
60,2022-23,7.5,1.5,1.0,0.3,0.1,0.6,Donovan Mitchell,4
79,2022-23,4.3,2.5,1.0,0.2,0.3,0.6,Evan Mobley,1
78,2022-23,3.8,2.2,0.7,0.2,0.4,0.5,Evan Mobley,2
78,2022-23,4.2,2.3,0.6,0.2,0.4,0.4,Evan Mobley,3
76,2022-23,4.0,2.0,0.6,0.1,0.4,0.4,Evan Mobley,4
1,2022-23,2.0,0.0,1.0,0.0,1.0,0.0,Isaiah Mobley,1
2,2022-23,4.5,0.5,0.5,1.0,0.0,0.0,Isaiah Mobley,2
2,2022-23,2.0,1.5,0.5,0.0,0.0,0.0,Isaiah Mobley,3
12,2022-23,1.3,1.3,0.0,0.2,0.2,0.1,Isaiah Mobley,4
77,2022-23,2.6,0.5,0.8,0.1,0.1,0.4,Malik Monk,1
76,2022-23,3.9,0.8,1.2,0.2,0.0,0.6,Malik Monk,2
76,2022-23,3.0,0.5,0.9,0.1,0.1,0.3,Malik Monk,3
72,2022-23,4.1,0.8,1.0,0.3,0.1,0.6,Malik Monk,4
39,2022-23,1.3,0.6,0.4,0.1,0.1,0.1,Moses Moody,1
47,2022-23,1.6,0.6,0.3,0.1,0.0,0.2,Moses Moody,2
37,2022-23,1.6,0.6,0.2,0.1,0.0,0.4,Moses Moody,3
48,2022-23,2.4,0.6,0.3,0.1,0.0,0.2,Moses Moody,4
6,2022-23,0.3,0.3,0.7,0.2,0.2,0.3,Wendell Moore Jr.,1
8,2022-23,0.5,0.2,0.2,0.2,0.0,0.0,Wendell Moore Jr.,2
9,2022-23,2.2,0.8,0.1,0.1,0.1,0.3,Wendell Moore Jr.,3
20,2022-23,0.8,0.4,0.6,0.2,0.2,0.2,Wendell Moore Jr.,4
61,2022-23,7.3,2.0,2.4,0.4,0.1,1.0,Ja Morant,1
61,2022-23,5.6,1.2,1.7,0.2,0.0,0.8,Ja Morant,2
60,2022-23,9.3,1.7,2.9,0.4,0.1,1.1,Ja Morant,3
49,2022-23,5.0,1.3,1.3,0.2,0.1,0.6,Ja Morant,4
20,2022-23,2.0,1.3,0.2,0.2,0.0,0.2,Markieff Morris,1
25,2022-23,1.9,0.8,0.5,0.2,0.1,0.3,Markieff Morris,2
12,2022-23,2.3,1.3,0.4,0.0,0.0,0.0,Markieff Morris,3
14,2022-23,1.2,0.6,0.6,0.1,0.1,0.4,Markieff Morris,4
62,2022-23,3.0,0.9,1.7,0.2,0.1,0.2,Monte Morris,1
62,2022-23,2.5,0.9,1.2,0.2,0.0,0.2,Monte Morris,2
61,2022-23,3.0,1.0,1.5,0.2,0.1,0.3,Monte Morris,3
54,2022-23,2.1,0.8,1.0,0.2,0.1,0.3,Monte Morris,4
65,2022-23,4.1,1.4,0.6,0.2,0.1,0.2,Marcus Morris Sr.,1
64,2022-23,1.8,0.8,0.4,0.2,0.0,0.3,Marcus Morris Sr.,2
61,2022-23,4.3,1.3,0.6,0.3,0.2,0.3,Marcus Morris Sr.,3
41,2022-23,1.8,0.9,0.2,0.1,0.0,0.1,Marcus Morris Sr.,4
79,2022-23,4.1,0.8,0.4,0.3,0.2,0.2,Trey Murphy III,1
78,2022-23,2.9,0.8,0.3,0.3,0.1,0.2,Trey Murphy III,2
78,2022-23,4.1,1.1,0.4,0.3,0.2,0.3,Trey Murphy III,3
74,2022-23,3.7,0.9,0.3,0.3,0.1,0.2,Trey Murphy III,4
74,2022-23,4.8,1.2,1.6,0.3,0.0,0.5,Dejounte Murray,1
73,2022-23,5.9,1.4,1.7,0.4,0.0,0.6,Dejounte Murray,2
73,2022-23,4.3,1.1,1.2,0.5,0.1,0.4,Dejounte Murray,3
73,2022-23,5.5,1.4,1.5,0.3,0.1,0.6,Dejounte Murray,4
65,2022-23,5.5,1.3,1.8,0.3,0.0,0.6,Jamal Murray,1
65,2022-23,5.0,0.8,1.3,0.2,0.1,0.6,Jamal Murray,2
64,2022-23,5.2,0.9,1.8,0.3,0.1,0.6,Jamal Murray,3
56,2022-23,4.9,1.1,1.5,0.2,0.1,0.5,Jamal Murray,4
80,2022-23,3.6,1.4,0.4,0.3,0.1,0.2,Keegan Murray,1
79,2022-23,2.9,1.1,0.4,0.2,0.2,0.2,Keegan Murray,2
79,2022-23,3.8,1.1,0.4,0.2,0.1,0.2,Keegan Murray,3
69,2022-23,2.2,1.2,0.2,0.2,0.1,0.2,Keegan Murray,4
46,2022-23,2.2,1.1,0.2,0.0,0.1,0.1,Mike Muscala,1
52,2022-23,1.5,0.9,0.2,0.1,0.1,0.1,Mike Muscala,2
53,2022-23,2.5,1.2,0.2,0.1,0.1,0.1,Mike Muscala,3
49,2022-23,1.4,0.9,0.3,0.1,0.2,0.1,Mike Muscala,4
11,2022-23,3.6,0.8,0.7,0.5,0.2,0.5,Svi Mykhailiuk,1
15,2022-23,3.8,0.8,0.5,0.1,0.0,0.3,Svi Mykhailiuk,2
14,2022-23,2.6,1.0,1.1,0.1,0.1,0.5,Svi Mykhailiuk,3
31,2022-23,2.9,0.6,0.7,0.2,0.0,0.2,Svi Mykhailiuk,4
65,2022-23,1.5,1.2,0.5,0.2,0.1,0.2,Larry Nance Jr.,1
64,2022-23,1.6,1.6,0.5,0.2,0.1,0.2,Larry Nance Jr.,2
64,2022-23,1.4,1.0,0.5,0.2,0.1,0.2,Larry Nance Jr.,3
53,2022-23,2.6,2.0,0.4,0.3,0.2,0.2,Larry Nance Jr.,4
74,2022-23,2.2,0.6,1.3,0.3,0.0,0.4,Andrew Nembhard,1
75,2022-23,2.5,0.7,1.0,0.2,0.1,0.3,Andrew Nembhard,2
73,2022-23,2.5,0.7,1.3,0.2,0.0,0.4,Andrew Nembhard,3
68,2022-23,2.4,0.7,1.1,0.2,0.1,0.6,Andrew Nembhard,4
73,2022-23,2.8,1.1,0.3,0.1,0.1,0.3,Aaron Nesmith,1
72,2022-23,2.4,0.7,0.3,0.2,0.1,0.3,Aaron Nesmith,2
73,2022-23,2.8,1.1,0.4,0.2,0.1,0.3,Aaron Nesmith,3
62,2022-23,2.6,0.9,0.4,0.2,0.2,0.1,Aaron Nesmith,4
78,2022-23,1.5,0.5,0.2,0.1,0.0,0.1,Georges Niang,1
76,2022-23,1.9,0.7,0.3,0.1,0.0,0.2,Georges Niang,2
76,2022-23,2.3,0.5,0.2,0.1,0.1,0.1,Georges Niang,3
73,2022-23,2.6,0.7,0.3,0.1,0.1,0.2,Georges Niang,4
43,2022-23,1.1,0.4,0.6,0.1,0.0,0.4,Daishen Nix,1
48,2022-23,1.0,0.5,0.9,0.2,0.0,0.4,Daishen Nix,2
38,2022-23,1.2,0.5,0.7,0.1,0.1,0.4,Daishen Nix,3
48,2022-23,1.7,0.8,0.9,0.2,0.0,0.7,Daishen Nix,4
39,2022-23,0.8,0.6,0.1,0.1,0.1,0.1,Zeke Nnaji,1
40,2022-23,2.4,1.2,0.2,0.1,0.2,0.1,Zeke Nnaji,2
35,2022-23,1.2,0.5,0.1,0.1,0.2,0.1,Zeke Nnaji,3
49,2022-23,2.2,1.0,0.1,0.1,0.1,0.3,Zeke Nnaji,4
28,2022-23,1.1,0.2,0.5,0.1,0.1,0.2,Frank Ntilikina,1
35,2022-23,1.3,0.7,0.4,0.1,0.0,0.2,Frank Ntilikina,2
31,2022-23,0.6,0.4,0.5,0.1,0.1,0.3,Frank Ntilikina,3
37,2022-23,1.0,0.6,0.4,0.1,0.1,0.2,Frank Ntilikina,4
52,2022-23,4.1,2.3,0.9,0.2,0.2,0.4,Jusuf Nurkic,1
51,2022-23,3.4,2.3,0.8,0.4,0.3,0.7,Jusuf Nurkic,2
51,2022-23,3.1,2.4,0.7,0.2,0.2,0.6,Jusuf Nurkic,3
45,2022-23,3.2,2.4,0.6,0.1,0.2,0.6,Jusuf Nurkic,4
54,2022-23,2.6,1.1,0.3,0.1,0.0,0.2,Jordan Nwora,1
52,2022-23,2.6,1.2,0.6,0.1,0.1,0.3,Jordan Nwora,2
49,2022-23,2.5,1.1,0.5,0.1,0.1,0.3,Jordan Nwora,3
54,2022-23,2.7,1.0,0.3,0.1,0.1,0.4,Jordan Nwora,4
74,2022-23,3.1,1.1,0.9,0.2,0.1,0.3,Royce O'Neale,1
76,2022-23,2.3,1.4,1.0,0.2,0.1,0.5,Royce O'Neale,2
76,2022-23,2.0,1.1,1.0,0.2,0.3,0.3,Royce O'Neale,3
71,2022-23,1.6,1.4,1.0,0.3,0.2,0.4,Royce O'Neale,4
21,2022-23,1.5,1.5,0.5,0.3,0.2,0.3,Chuma Okeke,1
23,2022-23,1.0,0.9,0.5,0.2,0.0,0.2,Chuma Okeke,2
20,2022-23,1.5,1.3,0.4,0.2,0.2,0.2,Chuma Okeke,3
21,2022-23,2.0,0.9,0.4,0.2,0.1,0.1,Chuma Okeke,4
55,2022-23,2.1,0.8,0.4,0.2,0.1,0.2,Josh Okogie,1
65,2022-23,2.6,1.2,0.6,0.3,0.1,0.2,Josh Okogie,2
51,2022-23,2.1,1.1,0.5,0.2,0.2,0.3,Josh Okogie,3
56,2022-23,2.4,1.4,0.4,0.3,0.2,0.4,Josh Okogie,4
80,2022-23,1.8,1.6,0.2,0.2,0.3,0.2,Onyeka Okongwu,1
80,2022-23,3.3,1.9,0.4,0.2,0.3,0.3,Onyeka Okongwu,2
80,2022-23,2.2,1.7,0.2,0.2,0.3,0.3,Onyeka Okongwu,3
77,2022-23,2.6,2.0,0.2,0.1,0.4,0.2,Onyeka Okongwu,4
67,2022-23,2.0,0.8,0.4,0.2,0.1,0.2,Isaac Okoro,1
73,2022-23,1.6,0.6,0.3,0.2,0.1,0.1,Isaac Okoro,2
69,2022-23,2.1,0.7,0.4,0.3,0.1,0.1,Isaac Okoro,3
60,2022-23,1.5,0.8,0.2,0.2,0.2,0.2,Isaac Okoro,4
41,2022-23,2.3,0.4,0.6,0.3,0.0,0.6,Victor Oladipo,1
42,2022-23,2.6,1.0,1.1,0.4,0.1,0.6,Victor Oladipo,2
42,2022-23,2.1,0.7,0.8,0.1,0.0,0.4,Victor Oladipo,3
41,2022-23,3.8,1.0,1.0,0.6,0.1,0.5,Victor Oladipo,4
68,2022-23,2.9,1.8,1.1,0.2,0.1,0.9,Kelly Olynyk,1
68,2022-23,3.2,1.5,0.9,0.3,0.1,0.7,Kelly Olynyk,2
68,2022-23,3.4,1.4,1.1,0.2,0.3,0.4,Kelly Olynyk,3
59,2022-23,3.2,1.7,0.7,0.2,0.1,0.6,Kelly Olynyk,4
25,2022-23,2.2,0.8,0.2,0.2,0.0,0.2,Eugene Omoruyi,1
32,2022-23,2.5,0.9,0.2,0.2,0.0,0.4,Eugene Omoruyi,2
26,2022-23,2.9,1.2,0.3,0.3,0.1,0.3,Eugene Omoruyi,3
33,2022-23,2.0,0.9,0.2,0.2,0.0,0.3,Eugene Omoruyi,4
66,2022-23,1.9,0.6,0.2,0.1,0.0,0.2,Cedi Osman,1
75,2022-23,3.1,0.9,0.7,0.2,0.0,0.2,Cedi Osman,2
63,2022-23,2.3,0.6,0.3,0.1,0.0,0.3,Cedi Osman,3
54,2022-23,3.0,0.7,0.5,0.1,0.1,0.2,Cedi Osman,4
48,2022-23,5.1,1.4,0.3,0.4,0.1,0.4,Kelly Oubre Jr.,1
48,2022-23,5.9,1.0,0.5,0.3,0.1,0.3,Kelly Oubre Jr.,2
46,2022-23,5.3,1.2,0.2,0.4,0.1,0.2,Kelly Oubre Jr.,3
43,2022-23,4.3,1.7,0.2,0.4,0.2,0.3,Kelly Oubre Jr.,4
59,2022-23,2.9,0.9,2.4,0.5,0.0,0.5,Chris Paul,1
59,2022-23,3.7,1.1,2.4,0.3,0.2,0.5,Chris Paul,2
57,2022-23,4.0,1.1,2.4,0.4,0.1,0.5,Chris Paul,3
49,2022-23,3.9,1.3,2.0,0.4,0.1,0.5,Chris Paul,4
48,2022-23,2.7,0.6,1.0,0.3,0.0,0.5,Cameron Payne,1
46,2022-23,2.5,0.5,1.2,0.2,0.1,0.5,Cameron Payne,2
44,2022-23,2.4,0.5,1.4,0.1,0.0,0.3,Cameron Payne,3
40,2022-23,3.4,0.8,1.2,0.2,0.1,0.5,Cameron Payne,4
21,2022-23,1.2,0.6,0.3,0.4,0.1,0.1,Gary Payton II,1
21,2022-23,1.3,0.7,0.3,0.3,0.0,0.3,Gary Payton II,2
21,2022-23,0.7,1.0,0.4,0.2,0.0,0.2,Gary Payton II,3
21,2022-23,1.6,1.0,0.5,0.1,0.1,0.1,Gary Payton II,4
79,2022-23,2.8,2.3,0.9,0.2,0.2,0.3,Mason Plumlee,1
77,2022-23,2.5,2.0,0.8,0.1,0.1,0.4,Mason Plumlee,2
78,2022-23,2.9,2.5,0.9,0.1,0.2,0.4,Mason Plumlee,3
75,2022-23,2.7,2.1,0.6,0.1,0.1,0.3,Mason Plumlee,4
72,2022-23,3.6,2.3,0.7,0.3,0.4,0.5,Jakob Poeltl,1
72,2022-23,2.9,2.4,0.7,0.2,0.2,0.4,Jakob Poeltl,2
70,2022-23,3.6,2.6,0.7,0.3,0.3,0.5,Jakob Poeltl,3
60,2022-23,2.8,2.1,0.7,0.2,0.3,0.4,Jakob Poeltl,4
33,2022-23,2.5,1.9,0.7,0.2,0.5,0.6,Aleksej Pokusevski,1
31,2022-23,2.2,1.0,0.4,0.1,0.2,0.3,Aleksej Pokusevski,2
28,2022-23,2.9,1.4,0.5,0.1,0.4,0.3,Aleksej Pokusevski,3
21,2022-23,1.8,1.1,0.5,0.3,0.4,0.3,Aleksej Pokusevski,4
82,2022-23,4.7,0.6,1.2,0.2,0.1,0.6,Jordan Poole,1
82,2022-23,5.3,0.8,1.3,0.2,0.0,1.1,Jordan Poole,2
82,2022-23,5.4,0.5,1.0,0.2,0.1,0.7,Jordan Poole,3
80,2022-23,5.1,0.9,1.0,0.2,0.1,0.7,Jordan Poole,4
62,2022-23,5.2,1.7,0.4,0.1,0.1,0.2,Michael Porter Jr.,1
62,2022-23,4.3,1.5,0.3,0.1,0.1,0.4,Michael Porter Jr.,2
62,2022-23,5.5,1.5,0.3,0.2,0.2,0.4,Michael Porter Jr.,3
52,2022-23,2.8,1.0,0.1,0.1,0.2,0.2,Michael Porter Jr.,4
7,2022-23,0.3,0.6,0.3,0.0,0.0,0.1,Otto Porter Jr.,1
8,2022-23,2.4,0.9,0.1,0.5,0.0,0.0,Otto Porter Jr.,2
6,2022-23,1.5,0.7,0.5,0.5,0.0,0.0,Otto Porter Jr.,3
7,2022-23,2.0,0.6,0.3,0.6,0.0,0.4,Otto Porter Jr.,4
70,2022-23,4.8,2.8,0.5,0.1,0.0,0.5,Bobby Portis,1
70,2022-23,3.4,2.6,0.3,0.1,0.1,0.3,Bobby Portis,2
70,2022-23,3.7,2.6,0.4,0.2,0.1,0.2,Bobby Portis,3
64,2022-23,2.1,1.6,0.2,0.1,0.0,0.2,Bobby Portis,4
65,2022-23,8.0,2.4,0.7,0.2,0.6,0.6,Kristaps Porzingis,1
65,2022-23,4.9,1.6,0.7,0.2,0.2,0.6,Kristaps Porzingis,2
65,2022-23,5.8,2.6,0.8,0.3,0.5,0.6,Kristaps Porzingis,3
59,2022-23,4.8,1.9,0.6,0.1,0.4,0.4,Kristaps Porzingis,4
1,2022-23,0.0,4.0,0.0,0.0,0.0,1.0,Micah Potter,1
2,2022-23,3.0,1.5,0.0,0.0,0.0,0.0,Micah Potter,2
1,2022-23,0.0,2.0,0.0,1.0,0.0,0.0,Micah Potter,3
7,2022-23,2.6,1.0,0.6,0.0,0.0,0.1,Micah Potter,4
72,2022-23,1.9,1.2,0.3,0.2,0.1,0.2,Dwight Powell,1
66,2022-23,1.7,1.2,0.3,0.2,0.1,0.3,Dwight Powell,2
71,2022-23,2.3,1.2,0.2,0.2,0.1,0.3,Dwight Powell,3
56,2022-23,1.6,1.1,0.2,0.2,0.1,0.2,Dwight Powell,4
60,2022-23,3.2,0.7,0.2,0.2,0.1,0.3,Norman Powell,1
60,2022-23,5.2,0.9,0.6,0.2,0.0,0.5,Norman Powell,2
58,2022-23,3.2,0.5,0.4,0.2,0.1,0.3,Norman Powell,3
56,2022-23,5.7,0.9,0.7,0.2,0.1,0.5,Norman Powell,4
4,2022-23,1.2,1.2,1.2,0.2,0.0,0.8,Joshua Primo,1
4,2022-23,2.0,0.8,1.2,0.0,0.0,0.5,Joshua Primo,2
4,2022-23,2.8,0.8,0.8,0.0,0.5,0.5,Joshua Primo,3
4,2022-23,1.0,0.5,1.2,0.0,0.0,1.0,Joshua Primo,4
54,2022-23,2.2,0.6,0.4,0.1,0.0,0.2,Taurean Prince,1
53,2022-23,2.6,0.6,0.5,0.2,0.1,0.5,Taurean Prince,2
53,2022-23,2.3,0.7,0.3,0.1,0.1,0.4,Taurean Prince,3
44,2022-23,2.5,0.7,0.5,0.2,0.0,0.3,Taurean Prince,4
28,2022-23,1.8,0.5,0.3,0.0,0.0,0.1,Payton Pritchard,1
28,2022-23,2.3,0.8,0.5,0.1,0.0,0.2,Payton Pritchard,2
27,2022-23,1.6,0.8,0.4,0.2,0.0,0.3,Payton Pritchard,3
41,2022-23,2.7,0.8,0.8,0.2,0.0,0.6,Payton Pritchard,4
3,2022-23,0.0,1.0,0.3,0.0,0.0,0.3,Trevelin Queen,1
2,2022-23,0.0,2.0,0.5,0.5,1.0,0.5,Trevelin Queen,2
2,2022-23,2.5,0.5,0.0,0.0,0.0,0.5,Trevelin Queen,3
5,2022-23,3.2,1.8,0.8,0.2,0.6,0.8,Trevelin Queen,4
4,2022-23,0.0,0.8,0.2,0.0,0.0,0.0,Neemias Queta,1
4,2022-23,2.5,1.2,0.0,0.0,0.2,0.0,Neemias Queta,2
1,2022-23,0.0,0.0,0.0,0.0,0.0,0.0,Neemias Queta,3
3,2022-23,0.7,1.0,0.0,0.0,0.3,0.3,Neemias Queta,4
81,2022-23,3.0,1.1,0.8,0.2,0.0,0.2,Immanuel Quickley,1
81,2022-23,4.2,1.0,0.9,0.3,0.0,0.4,Immanuel Quickley,2
79,2022-23,3.4,0.8,0.7,0.2,0.0,0.3,Immanuel Quickley,3
79,2022-23,4.3,1.3,1.0,0.4,0.1,0.3,Immanuel Quickley,4
4,2022-23,2.5,0.8,0.5,0.2,0.0,1.2,Lester Quinones,4
77,2022-23,9.1,3.3,1.1,0.2,0.0,0.8,Julius Randle,1
77,2022-23,4.9,1.8,0.7,0.1,0.1,0.5,Julius Randle,2
76,2022-23,6.8,2.9,1.5,0.2,0.1,0.9,Julius Randle,3
69,2022-23,4.5,2.0,0.8,0.2,0.1,0.7,Julius Randle,4
64,2022-23,3.0,0.8,0.7,0.1,0.0,0.2,Austin Reaves,1
64,2022-23,3.8,0.9,1.0,0.2,0.1,0.4,Austin Reaves,2
63,2022-23,2.9,0.5,0.9,0.1,0.0,0.4,Austin Reaves,3
61,2022-23,3.4,0.8,0.9,0.1,0.1,0.5,Austin Reaves,4
37,2022-23,2.6,0.6,0.4,0.2,0.1,0.3,Cam Reddish,1
39,2022-23,2.8,0.6,0.4,0.2,0.1,0.2,Cam Reddish,2
36,2022-23,2.2,0.5,0.4,0.2,0.1,0.4,Cam Reddish,3
34,2022-23,2.9,0.6,0.4,0.3,0.1,0.4,Cam Reddish,4
31,2022-23,1.5,1.0,0.1,0.1,0.1,0.2,Paul Reed,1
54,2022-23,1.5,1.7,0.2,0.4,0.4,0.2,Paul Reed,2
29,2022-23,1.1,1.0,0.1,0.3,0.1,0.2,Paul Reed,3
55,2022-23,2.3,1.9,0.2,0.3,0.4,0.3,Paul Reed,4
59,2022-23,3.5,1.3,0.4,0.2,0.2,0.3,Naz Reid,1
58,2022-23,3.7,1.7,0.3,0.2,0.3,0.4,Naz Reid,2
63,2022-23,2.9,1.3,0.3,0.2,0.2,0.5,Naz Reid,3
49,2022-23,3.4,1.6,0.4,0.2,0.3,0.4,Naz Reid,4
5,2022-23,0.8,1.2,0.0,0.2,0.0,0.0,Jared Rhoden,1
10,2022-23,2.3,1.9,0.2,0.2,0.1,0.3,Jared Rhoden,2
8,2022-23,0.4,0.4,0.0,0.1,0.0,0.0,Jared Rhoden,3
12,2022-23,1.2,0.8,0.2,0.0,0.0,0.0,Jared Rhoden,4
60,2022-23,2.6,1.8,0.1,0.0,0.2,0.3,Nick Richards,1
60,2022-23,2.2,1.8,0.2,0.0,0.4,0.2,Nick Richards,2
59,2022-23,2.2,1.7,0.2,0.0,0.3,0.2,Nick Richards,3
59,2022-23,2.0,1.7,0.1,0.1,0.3,0.3,Nick Richards,4
65,2022-23,2.8,0.6,0.7,0.2,0.1,0.3,Josh Richardson,1
64,2022-23,3.0,0.9,0.6,0.3,0.1,0.3,Josh Richardson,2
65,2022-23,2.4,0.7,0.9,0.3,0.1,0.3,Josh Richardson,3
62,2022-23,2.0,0.6,0.5,0.3,0.0,0.5,Josh Richardson,4
35,2022-23,1.4,0.5,0.3,0.1,0.0,0.2,Duncan Robinson,1
34,2022-23,3.0,0.9,0.4,0.1,0.0,0.2,Duncan Robinson,2
28,2022-23,1.2,0.2,0.1,0.0,0.0,0.2,Duncan Robinson,3
36,2022-23,2.3,0.4,0.5,0.2,0.0,0.2,Duncan Robinson,4
59,2022-23,2.5,2.7,0.3,0.3,0.5,0.2,Mitchell Robinson,1
58,2022-23,1.7,2.3,0.3,0.2,0.5,0.2,Mitchell Robinson,2
57,2022-23,1.8,2.5,0.2,0.2,0.4,0.2,Mitchell Robinson,3
44,2022-23,1.8,2.5,0.2,0.2,0.5,0.1,Mitchell Robinson,4
26,2022-23,1.0,1.2,0.2,0.2,0.1,0.2,Orlando Robinson,1
24,2022-23,1.7,1.7,0.2,0.1,0.2,0.2,Orlando Robinson,2
25,2022-23,1.0,0.9,0.2,0.0,0.1,0.1,Orlando Robinson,3
21,2022-23,1.1,1.5,0.5,0.1,0.1,0.1,Orlando Robinson,4
34,2022-23,2.0,1.3,0.2,0.1,0.1,0.1,Jeremiah Robinson-Earl,1
39,2022-23,2.0,1.3,0.3,0.2,0.1,0.1,Jeremiah Robinson-Earl,2
39,2022-23,2.0,1.1,0.3,0.2,0.1,0.1,Jeremiah Robinson-Earl,3
34,2022-23,2.0,1.3,0.3,0.2,0.1,0.2,Jeremiah Robinson-Earl,4
47,2022-23,1.8,0.6,0.3,0.2,0.1,0.2,David Roddy,1
65,2022-23,2.3,0.9,0.4,0.2,0.1,0.3,David Roddy,2
49,2022-23,1.3,0.8,0.2,0.1,0.1,0.3,David Roddy,3
63,2022-23,2.7,1.1,0.2,0.1,0.1,0.3,David Roddy,4
1,2022-23,3.0,0.0,0.0,0.0,0.0,2.0,Ryan Rollins,1
2,2022-23,0.0,1.0,0.0,0.0,0.0,0.0,Ryan Rollins,2
2,2022-23,3.5,0.5,0.0,0.0,0.0,2.0,Ryan Rollins,3
11,2022-23,1.2,0.8,0.5,0.1,0.1,0.9,Ryan Rollins,4
24,2022-23,2.3,0.5,0.8,0.0,0.1,0.3,Derrick Rose,1
24,2022-23,1.7,0.5,0.3,0.0,0.0,0.2,Derrick Rose,2
19,2022-23,1.4,0.4,0.5,0.3,0.1,0.3,Derrick Rose,3
22,2022-23,1.4,0.4,0.4,0.0,0.0,0.3,Derrick Rose,4
63,2022-23,5.3,1.3,1.6,0.4,0.1,0.5,Terry Rozier,1
62,2022-23,4.5,0.9,1.2,0.2,0.1,0.6,Terry Rozier,2
61,2022-23,6.5,1.2,1.2,0.4,0.1,0.5,Terry Rozier,3
60,2022-23,5.2,0.8,1.2,0.2,0.0,0.6,Terry Rozier,4
33,2022-23,0.6,0.6,1.0,0.2,0.2,0.2,Ricky Rubio,1
33,2022-23,1.6,0.5,0.9,0.1,0.0,0.3,Ricky Rubio,2
30,2022-23,1.7,0.6,0.9,0.3,0.0,0.3,Ricky Rubio,3
24,2022-23,2.0,0.6,1.0,0.3,0.0,0.2,Ricky Rubio,4
71,2022-23,5.5,0.8,1.8,0.2,0.2,0.5,D'Angelo Russell,1
70,2022-23,4.4,0.7,1.6,0.3,0.1,0.8,D'Angelo Russell,2
69,2022-23,3.4,0.7,1.5,0.3,0.1,0.7,D'Angelo Russell,3
66,2022-23,5.1,0.9,1.4,0.3,0.1,0.7,D'Angelo Russell,4
8,2022-23,1.2,0.4,0.1,0.0,0.0,0.0,Matt Ryan,1
17,2022-23,1.6,0.5,0.1,0.1,0.1,0.3,Matt Ryan,2
15,2022-23,1.4,0.2,0.2,0.0,0.0,0.1,Matt Ryan,3
29,2022-23,2.2,0.4,0.3,0.1,0.0,0.0,Matt Ryan,4
79,2022-23,6.2,3.8,2.3,0.2,0.1,0.7,Domantas Sabonis,1
79,2022-23,4.9,3.2,1.7,0.2,0.1,0.8,Domantas Sabonis,2
78,2022-23,4.9,3.2,2.0,0.2,0.1,0.8,Domantas Sabonis,3
74,2022-23,3.3,2.3,1.4,0.1,0.1,0.5,Domantas Sabonis,4
7,2022-23,2.1,1.1,0.3,0.3,0.1,0.3,Luka Samanic,1
6,2022-23,3.0,1.5,0.5,0.3,0.2,0.7,Luka Samanic,2
6,2022-23,4.2,1.2,1.0,0.2,0.0,0.3,Luka Samanic,3
7,2022-23,1.6,0.9,0.6,0.1,0.0,0.3,Luka Samanic,4
44,2022-23,2.0,1.1,0.6,0.1,0.1,0.3,Dario Saric,1
46,2022-23,1.8,1.3,0.5,0.2,0.0,0.3,Dario Saric,2
31,2022-23,2.7,1.2,0.4,0.2,0.0,0.4,Dario Saric,3
41,2022-23,2.6,1.4,0.3,0.0,0.0,0.5,Dario Saric,4
4,2022-23,1.0,1.5,0.2,0.0,0.2,0.0,Olivier Sarr,1
5,2022-23,1.4,1.2,0.0,0.2,0.0,0.2,Olivier Sarr,2
5,2022-23,2.0,1.8,0.4,0.0,0.4,0.6,Olivier Sarr,3
7,2022-23,2.1,1.4,0.1,0.0,0.3,0.0,Olivier Sarr,4
19,2022-23,0.7,0.5,0.5,0.1,0.0,0.1,Admiral Schofield,1
28,2022-23,2.0,1.0,0.3,0.0,0.1,0.1,Admiral Schofield,2
21,2022-23,0.8,0.3,0.3,0.1,0.0,0.1,Admiral Schofield,3
30,2022-23,2.3,0.6,0.2,0.1,0.1,0.3,Admiral Schofield,4
66,2022-23,2.1,0.6,1.1,0.2,0.0,0.3,Dennis Schroder,1
66,2022-23,3.4,0.7,1.1,0.1,0.0,0.5,Dennis Schroder,2
65,2022-23,3.2,0.6,1.1,0.2,0.0,0.5,Dennis Schroder,3
63,2022-23,4.0,0.6,1.3,0.2,0.1,0.4,Dennis Schroder,4
5,2022-23,0.8,0.2,0.0,0.0,0.0,0.0,Dereon Seabron,4
75,2022-23,4.7,2.7,1.2,0.3,0.2,0.7,Alperen Sengun,1
75,2022-23,4.0,2.2,0.9,0.1,0.2,0.6,Alperen Sengun,2
75,2022-23,3.8,2.5,1.2,0.3,0.3,0.7,Alperen Sengun,3
63,2022-23,2.7,2.0,0.7,0.2,0.3,0.6,Alperen Sengun,4
48,2022-23,4.0,0.5,1.0,0.1,0.0,0.4,Collin Sexton,1
47,2022-23,3.9,0.7,0.6,0.3,0.0,0.6,Collin Sexton,2
46,2022-23,4.2,0.6,0.8,0.1,0.0,0.4,Collin Sexton,3
40,2022-23,2.9,0.5,0.6,0.2,0.0,0.5,Collin Sexton,4
36,2022-23,1.3,0.5,0.6,0.1,0.0,0.2,Landry Shamet,1
38,2022-23,2.7,0.5,0.7,0.2,0.0,0.2,Landry Shamet,2
38,2022-23,2.2,0.5,0.6,0.2,0.1,0.3,Landry Shamet,3
31,2022-23,3.5,0.4,0.7,0.3,0.1,0.4,Landry Shamet,4
31,2022-23,2.0,1.6,0.3,0.2,0.4,0.3,Day'Ron Sharpe,1
24,2022-23,1.8,2.1,0.3,0.1,0.2,0.6,Day'Ron Sharpe,2
28,2022-23,1.5,0.9,0.1,0.1,0.2,0.2,Day'Ron Sharpe,3
37,2022-23,2.2,2.0,0.5,0.1,0.2,0.3,Day'Ron Sharpe,4
79,2022-23,3.1,0.9,0.4,0.1,0.1,0.3,Shaedon Sharpe,1
76,2022-23,2.7,0.8,0.3,0.1,0.1,0.3,Shaedon Sharpe,2
74,2022-23,2.1,0.6,0.2,0.1,0.1,0.3,Shaedon Sharpe,3
74,2022-23,2.6,0.7,0.4,0.1,0.1,0.3,Shaedon Sharpe,4
71,2022-23,6.8,2.0,1.5,0.3,0.1,0.6,Pascal Siakam,1
71,2022-23,5.7,2.0,1.4,0.1,0.1,0.6,Pascal Siakam,2
71,2022-23,7.3,2.1,1.5,0.3,0.1,0.6,Pascal Siakam,3
68,2022-23,4.6,1.8,1.5,0.2,0.1,0.6,Pascal Siakam,4
42,2022-23,2.2,1.6,1.8,0.4,0.1,0.7,Ben Simmons,1
42,2022-23,2.0,2.0,1.8,0.4,0.1,0.4,Ben Simmons,2
39,2022-23,2.1,1.4,1.8,0.3,0.2,0.7,Ben Simmons,3
34,2022-23,1.0,1.6,1.1,0.3,0.2,0.7,Ben Simmons,4
62,2022-23,5.0,0.5,1.1,0.2,0.0,0.3,Anfernee Simons,1
62,2022-23,5.3,0.8,1.2,0.2,0.0,0.6,Anfernee Simons,2
62,2022-23,5.4,0.7,0.9,0.1,0.1,0.6,Anfernee Simons,3
58,2022-23,5.5,0.6,1.0,0.1,0.1,0.6,Anfernee Simons,4
28,2022-23,0.7,1.8,0.2,0.1,0.1,0.2,Jericho Sims,1
43,2022-23,1.3,1.8,0.2,0.1,0.2,0.2,Jericho Sims,2
32,2022-23,1.2,1.8,0.2,0.2,0.2,0.1,Jericho Sims,3
42,2022-23,1.6,1.3,0.1,0.0,0.2,0.2,Jericho Sims,4
61,2022-23,3.0,1.0,1.7,0.4,0.1,0.5,Marcus Smart,1
61,2022-23,3.1,0.9,1.7,0.4,0.1,0.7,Marcus Smart,2
60,2022-23,3.2,0.6,1.8,0.4,0.2,0.6,Marcus Smart,3
51,2022-23,2.4,0.7,1.2,0.3,0.0,0.6,Marcus Smart,4
5,2022-23,0.8,0.0,0.4,0.2,0.2,0.2,Dru Smith,1
6,2022-23,1.0,1.5,0.5,0.3,0.2,0.0,Dru Smith,2
6,2022-23,1.8,0.8,1.5,0.3,0.3,0.0,Dru Smith,3
14,2022-23,1.6,0.7,0.6,0.4,0.0,0.1,Dru Smith,4
15,2022-23,1.6,0.7,1.1,0.0,0.0,0.1,Ish Smith,1
19,2022-23,1.4,0.8,1.3,0.3,0.2,0.9,Ish Smith,2
16,2022-23,0.8,0.5,0.8,0.1,0.0,0.2,Ish Smith,3
41,2022-23,1.1,0.5,1.1,0.0,0.1,0.5,Ish Smith,4
61,2022-23,2.8,1.6,0.2,0.1,0.2,0.3,Jalen Smith,1
57,2022-23,2.9,1.7,0.4,0.1,0.3,0.3,Jalen Smith,2
59,2022-23,3.3,1.9,0.4,0.1,0.3,0.3,Jalen Smith,3
49,2022-23,2.4,1.8,0.1,0.1,0.2,0.3,Jalen Smith,4
54,2022-23,1.6,0.6,1.2,0.4,0.1,0.4,Dennis Smith Jr.,1
53,2022-23,2.7,1.1,1.5,0.3,0.1,0.4,Dennis Smith Jr.,2
52,2022-23,2.2,0.7,1.1,0.3,0.1,0.4,Dennis Smith Jr.,3
51,2022-23,2.5,0.8,1.2,0.5,0.2,0.4,Dennis Smith Jr.,4
79,2022-23,3.5,1.9,0.4,0.2,0.3,0.3,Jabari Smith Jr.,1
78,2022-23,2.9,1.8,0.3,0.1,0.2,0.4,Jabari Smith Jr.,2
79,2022-23,3.6,1.8,0.4,0.2,0.2,0.3,Jabari Smith Jr.,3
70,2022-23,3.1,1.9,0.3,0.1,0.2,0.3,Jabari Smith Jr.,4
56,2022-23,3.6,1.6,0.9,0.1,0.1,0.3,Jeremy Sochan,1
54,2022-23,2.5,1.4,0.7,0.3,0.1,0.7,Jeremy Sochan,2
52,2022-23,3.3,1.5,0.6,0.2,0.1,0.5,Jeremy Sochan,3
48,2022-23,2.1,1.0,0.5,0.2,0.1,0.3,Jeremy Sochan,4
2,2022-23,2.5,0.0,0.5,0.0,0.0,0.5,Jaden Springer,1
1,2022-23,4.0,1.0,1.0,0.0,1.0,1.0,Jaden Springer,2
1,2022-23,2.0,0.0,0.0,0.0,0.0,0.0,Jaden Springer,3
15,2022-23,2.0,0.9,0.4,0.5,0.1,0.1,Jaden Springer,4
40,2022-23,1.6,1.0,0.0,0.1,0.1,0.1,Lamar Stevens,1
48,2022-23,2.1,1.1,0.2,0.2,0.1,0.1,Lamar Stevens,2
44,2022-23,1.7,1.2,0.3,0.1,0.1,0.2,Lamar Stevens,3
45,2022-23,1.8,1.4,0.2,0.1,0.1,0.2,Lamar Stevens,4
50,2022-23,2.9,2.3,0.3,0.1,0.1,0.4,Isaiah Stewart,1
50,2022-23,2.5,1.9,0.3,0.1,0.1,0.4,Isaiah Stewart,2
49,2022-23,3.3,2.1,0.5,0.1,0.3,0.3,Isaiah Stewart,3
46,2022-23,2.9,1.8,0.3,0.1,0.2,0.2,Isaiah Stewart,4
79,2022-23,2.9,0.7,0.6,0.1,0.0,0.2,Max Strus,1
77,2022-23,3.7,1.1,0.7,0.3,0.0,0.2,Max Strus,2
75,2022-23,2.9,0.7,0.5,0.1,0.0,0.2,Max Strus,3
69,2022-23,2.9,0.9,0.6,0.1,0.1,0.3,Max Strus,4
52,2022-23,2.4,0.7,0.9,0.3,0.0,0.4,Jalen Suggs,1
49,2022-23,3.1,1.0,0.8,0.4,0.2,0.5,Jalen Suggs,2
50,2022-23,2.1,0.7,0.6,0.2,0.1,0.5,Jalen Suggs,3
42,2022-23,3.3,0.9,0.9,0.5,0.2,0.5,Jalen Suggs,4
2,2022-23,0.0,0.5,0.0,0.0,0.0,0.0,Cole Swider,1
1,2022-23,3.0,2.0,2.0,0.0,0.0,0.0,Cole Swider,2
1,2022-23,3.0,1.0,0.0,0.0,0.0,0.0,Cole Swider,3
6,2022-23,0.5,0.5,0.3,0.0,0.0,0.0,Cole Swider,4
31,2022-23,2.7,0.9,0.6,0.1,0.1,0.3,Jae'Sean Tate,1
31,2022-23,2.8,1.0,0.6,0.2,0.0,0.5,Jae'Sean Tate,2
31,2022-23,2.3,1.0,0.6,0.3,0.1,0.4,Jae'Sean Tate,3
29,2022-23,1.4,0.9,0.9,0.1,0.0,0.4,Jae'Sean Tate,4
74,2022-23,7.6,2.3,1.4,0.2,0.1,0.7,Jayson Tatum,1
74,2022-23,7.5,2.2,1.1,0.2,0.2,0.7,Jayson Tatum,2
73,2022-23,8.9,2.5,1.2,0.4,0.2,0.8,Jayson Tatum,3
66,2022-23,6.5,1.9,1.0,0.2,0.2,0.7,Jayson Tatum,4
9,2022-23,0.7,0.9,0.1,0.0,0.0,0.1,Terry Taylor,1
8,2022-23,1.0,0.9,0.1,0.1,0.4,0.1,Terry Taylor,2
10,2022-23,1.7,0.7,0.4,0.1,0.2,0.1,Terry Taylor,3
24,2022-23,2.4,1.0,0.2,0.0,0.0,0.2,Terry Taylor,4
5,2022-23,0.6,0.2,0.0,0.6,0.0,0.2,Garrett Temple,1
6,2022-23,2.3,0.7,0.5,0.3,0.0,0.0,Garrett Temple,2
5,2022-23,1.0,0.2,0.6,0.0,0.0,0.2,Garrett Temple,3
21,2022-23,1.3,0.5,0.3,0.2,0.1,0.1,Garrett Temple,4
7,2022-23,1.4,0.0,0.3,0.0,0.1,0.0,Dalen Terry,1
7,2022-23,0.9,0.6,0.6,0.3,0.1,0.0,Dalen Terry,2
11,2022-23,1.1,1.0,0.1,0.1,0.0,0.2,Dalen Terry,3
34,2022-23,1.7,0.6,0.4,0.2,0.1,0.2,Dalen Terry,4
7,2022-23,2.7,1.1,0.3,0.0,0.1,0.0,Daniel Theis,1
7,2022-23,1.0,0.6,0.4,0.1,0.1,0.1,Daniel Theis,2
6,2022-23,3.2,0.8,0.5,0.0,0.5,0.2,Daniel Theis,3
5,2022-23,0.8,1.0,0.2,0.2,0.2,0.2,Daniel Theis,4
35,2022-23,2.9,0.7,0.3,0.1,0.0,0.5,Cam Thomas,1
40,2022-23,4.0,0.5,0.6,0.1,0.0,0.2,Cam Thomas,2
29,2022-23,4.2,0.7,0.4,0.1,0.1,0.5,Cam Thomas,3
44,2022-23,5.0,0.7,0.7,0.2,0.0,0.5,Cam Thomas,4
69,2022-23,6.8,1.1,0.6,0.2,0.1,0.6,Klay Thompson,1
69,2022-23,4.6,1.0,0.5,0.2,0.1,0.3,Klay Thompson,2
69,2022-23,5.8,1.1,0.7,0.1,0.1,0.4,Klay Thompson,3
65,2022-23,4.8,0.9,0.6,0.2,0.1,0.4,Klay Thompson,4
49,2022-23,1.2,0.7,0.1,0.2,0.2,0.3,JT Thor,1
55,2022-23,1.1,0.8,0.3,0.0,0.1,0.1,JT Thor,2
56,2022-23,1.3,0.7,0.2,0.1,0.0,0.2,JT Thor,3
41,2022-23,1.6,0.8,0.2,0.2,0.2,0.3,JT Thor,4
63,2022-23,1.4,0.5,0.3,0.3,0.2,0.1,Matisse Thybulle,1
59,2022-23,1.4,0.6,0.2,0.4,0.1,0.0,Matisse Thybulle,2
61,2022-23,1.2,0.6,0.3,0.2,0.1,0.1,Matisse Thybulle,3
54,2022-23,0.9,0.7,0.2,0.4,0.1,0.1,Matisse Thybulle,4
47,2022-23,2.5,2.0,0.6,0.4,0.1,0.2,Xavier Tillman,1
48,2022-23,2.0,1.6,0.5,0.3,0.1,0.2,Xavier Tillman,2
44,2022-23,2.4,1.8,0.5,0.2,0.2,0.2,Xavier Tillman,3
50,2022-23,2.2,1.1,0.4,0.3,0.2,0.3,Xavier Tillman,4
46,2022-23,1.7,0.4,0.3,0.1,0.1,0.1,Obi Toppin,1
65,2022-23,3.0,1.2,0.3,0.2,0.1,0.2,Obi Toppin,2
37,2022-23,1.6,0.5,0.3,0.2,0.0,0.1,Obi Toppin,3
63,2022-23,2.7,1.2,0.3,0.0,0.1,0.3,Obi Toppin,4
29,2022-23,6.1,2.6,1.9,0.2,0.0,0.9,Karl-Anthony Towns,1
28,2022-23,4.9,2.0,0.9,0.2,0.1,0.7,Karl-Anthony Towns,2
29,2022-23,5.3,1.8,1.3,0.1,0.3,0.7,Karl-Anthony Towns,3
27,2022-23,4.7,1.9,0.9,0.1,0.1,0.7,Karl-Anthony Towns,4
66,2022-23,4.3,0.7,0.4,0.4,0.1,0.1,Gary Trent Jr.,1
66,2022-23,4.5,0.6,0.4,0.4,0.1,0.3,Gary Trent Jr.,2
66,2022-23,4.5,0.6,0.5,0.4,0.0,0.2,Gary Trent Jr.,3
60,2022-23,4.4,0.7,0.3,0.4,0.1,0.3,Gary Trent Jr.,4
75,2022-23,1.1,1.2,0.2,0.2,0.1,0.2,P.J. Tucker,1
74,2022-23,1.0,1.1,0.3,0.1,0.1,0.1,P.J. Tucker,2
73,2022-23,1.0,1.0,0.2,0.1,0.0,0.1,P.J. Tucker,3
45,2022-23,0.8,1.0,0.2,0.2,0.0,0.2,P.J. Tucker,4
62,2022-23,4.5,2.0,0.4,0.1,0.5,0.4,Myles Turner,1
62,2022-23,4.6,2.0,0.3,0.2,0.6,0.6,Myles Turner,2
62,2022-23,5.4,2.0,0.5,0.1,0.6,0.4,Myles Turner,3
57,2022-23,3.7,1.7,0.3,0.1,0.6,0.3,Myles Turner,4
1,2022-23,2.0,0.0,0.0,1.0,1.0,0.0,Stanley Umude,4
79,2022-23,4.5,3.0,0.5,0.1,0.2,0.5,Jonas Valanciunas,1
78,2022-23,3.4,2.6,0.4,0.1,0.2,0.6,Jonas Valanciunas,2
78,2022-23,3.8,3.0,0.5,0.1,0.2,0.6,Jonas Valanciunas,3
63,2022-23,3.1,2.1,0.5,0.0,0.2,0.5,Jonas Valanciunas,4
69,2022-23,5.7,1.2,2.3,0.8,0.1,0.5,Fred VanVleet,1
69,2022-23,4.1,0.9,1.6,0.4,0.1,0.4,Fred VanVleet,2
69,2022-23,6.1,1.1,1.9,0.5,0.2,0.7,Fred VanVleet,3
62,2022-23,3.6,0.8,1.6,0.2,0.1,0.4,Fred VanVleet,4
78,2022-23,1.9,2.1,0.7,0.3,0.1,0.4,Jarred Vanderbilt,1
78,2022-23,2.2,1.9,0.6,0.3,0.1,0.4,Jarred Vanderbilt,2
78,2022-23,2.4,2.0,0.7,0.3,0.1,0.3,Jarred Vanderbilt,3
65,2022-23,1.7,1.6,0.5,0.2,0.1,0.2,Jarred Vanderbilt,4
38,2022-23,4.2,1.0,0.9,0.2,0.2,0.4,Devin Vassell,1
38,2022-23,5.9,1.3,0.8,0.4,0.1,0.5,Devin Vassell,2
38,2022-23,4.8,0.9,1.2,0.3,0.1,0.4,Devin Vassell,3
35,2022-23,3.7,0.7,0.7,0.2,0.1,0.3,Devin Vassell,4
68,2022-23,2.9,0.6,0.7,0.3,0.0,0.3,Gabe Vincent,1
66,2022-23,2.4,0.6,0.7,0.2,0.0,0.3,Gabe Vincent,2
66,2022-23,2.2,0.4,0.5,0.2,0.0,0.4,Gabe Vincent,3
56,2022-23,2.2,0.7,0.7,0.2,0.0,0.4,Gabe Vincent,4
82,2022-23,5.8,3.5,1.1,0.3,0.1,0.5,Nikola Vucevic,1
82,2022-23,4.0,2.5,0.6,0.2,0.1,0.5,Nikola Vucevic,2
80,2022-23,4.8,3.0,1.1,0.2,0.2,0.5,Nikola Vucevic,3
74,2022-23,3.3,2.3,0.6,0.1,0.2,0.3,Nikola Vucevic,4
40,2022-23,1.6,1.3,0.2,0.2,0.3,0.1,Dean Wade,1
37,2022-23,1.1,0.8,0.2,0.2,0.1,0.1,Dean Wade,2
33,2022-23,1.1,1.1,0.2,0.1,0.0,0.2,Dean Wade,3
33,2022-23,2.0,0.9,0.3,0.2,0.2,0.1,Dean Wade,4
80,2022-23,4.3,0.7,0.9,0.3,0.0,0.5,Franz Wagner,1
80,2022-23,4.6,1.2,1.0,0.2,0.1,0.6,Franz Wagner,2
79,2022-23,4.2,1.1,0.8,0.2,0.1,0.5,Franz Wagner,3
73,2022-23,5.8,1.3,0.9,0.3,0.0,0.6,Franz Wagner,4
56,2022-23,2.5,1.2,0.3,0.2,0.1,0.3,Moritz Wagner,1
56,2022-23,2.8,1.4,0.4,0.2,0.1,0.4,Moritz Wagner,2
50,2022-23,2.5,1.0,0.5,0.2,0.0,0.3,Moritz Wagner,3
47,2022-23,3.8,1.4,0.5,0.1,0.0,0.3,Moritz Wagner,4
43,2022-23,0.5,0.6,0.1,0.2,0.0,0.1,Ish Wainright,1
47,2022-23,1.6,0.7,0.3,0.1,0.2,0.0,Ish Wainright,2
47,2022-23,1.1,0.6,0.3,0.2,0.1,0.2,Ish Wainright,3
53,2022-23,1.9,1.0,0.4,0.3,0.2,0.1,Ish Wainright,4
31,2022-23,1.2,0.9,0.2,0.0,0.0,0.3,Jabari Walker,1
31,2022-23,1.6,1.1,0.2,0.1,0.1,0.2,Jabari Walker,2
27,2022-23,1.7,0.8,0.2,0.1,0.2,0.2,Jabari Walker,3
50,2022-23,1.6,1.0,0.3,0.1,0.1,0.1,Jabari Walker,4
49,2022-23,2.9,0.6,0.4,0.2,0.1,0.2,Lonnie Walker IV,1
51,2022-23,3.3,0.6,0.3,0.2,0.1,0.2,Lonnie Walker IV,2
48,2022-23,3.8,0.6,0.3,0.1,0.1,0.3,Lonnie Walker IV,3
50,2022-23,3.2,0.4,0.3,0.1,0.0,0.2,Lonnie Walker IV,4
73,2022-23,4.1,1.1,0.7,0.2,0.3,0.2,P.J. Washington,1
72,2022-23,3.9,1.2,0.5,0.2,0.3,0.4,P.J. Washington,2
72,2022-23,3.5,0.9,0.5,0.2,0.3,0.4,P.J. Washington,3
70,2022-23,4.2,1.8,0.7,0.3,0.3,0.5,P.J. Washington,4
20,2022-23,2.2,0.5,1.0,0.0,0.1,0.4,Duane Washington Jr.,1
19,2022-23,3.6,0.3,0.6,0.1,0.0,0.4,Duane Washington Jr.,2
20,2022-23,2.8,0.1,0.6,0.0,0.0,0.2,Duane Washington Jr.,3
26,2022-23,3.0,0.7,0.8,0.1,0.1,0.6,Duane Washington Jr.,4
20,2022-23,0.9,0.4,0.2,0.1,0.0,0.4,TyTy Washington Jr.,1
18,2022-23,2.4,0.8,0.6,0.2,0.1,0.1,TyTy Washington Jr.,2
15,2022-23,2.1,0.2,0.6,0.3,0.0,0.1,TyTy Washington Jr.,3
27,2022-23,2.0,0.7,0.9,0.2,0.0,0.1,TyTy Washington Jr.,4
39,2022-23,1.2,0.7,0.2,0.1,0.1,0.1,Yuta Watanabe,1
49,2022-23,1.7,0.8,0.2,0.2,0.2,0.1,Yuta Watanabe,2
45,2022-23,1.8,0.8,0.3,0.1,0.1,0.1,Yuta Watanabe,3
48,2022-23,2.3,0.8,0.4,0.2,0.1,0.1,Yuta Watanabe,4
27,2022-23,1.4,0.6,0.2,0.0,0.0,0.1,Lindy Waters III,1
31,2022-23,2.8,0.7,0.2,0.1,0.2,0.1,Lindy Waters III,2
32,2022-23,1.0,0.5,0.3,0.1,0.1,0.1,Lindy Waters III,3
29,2022-23,1.9,0.7,0.2,0.2,0.1,0.1,Lindy Waters III,4
53,2022-23,1.9,1.0,0.5,0.2,0.1,0.3,Trendon Watford,1
46,2022-23,2.4,1.3,0.8,0.2,0.0,0.4,Trendon Watford,2
50,2022-23,2.8,1.1,0.5,0.1,0.0,0.3,Trendon Watford,3
55,2022-23,2.0,1.2,0.7,0.2,0.1,0.4,Trendon Watford,4
5,2022-23,2.2,0.8,0.2,0.2,0.2,0.6,Peyton Watson,1
5,2022-23,2.0,1.6,0.2,0.0,0.4,0.2,Peyton Watson,2
6,2022-23,1.7,1.5,0.5,0.0,0.3,0.3,Peyton Watson,3
22,2022-23,2.0,0.7,0.3,0.0,0.3,0.1,Peyton Watson,4
31,2022-23,1.8,0.6,0.4,0.2,0.0,0.3,Blake Wesley,1
33,2022-23,1.2,0.5,0.9,0.2,0.1,0.4,Blake Wesley,2
31,2022-23,0.9,0.5,0.7,0.2,0.0,0.5,Blake Wesley,3
33,2022-23,1.8,0.9,1.0,0.2,0.0,0.8,Blake Wesley,4
73,2022-23,4.6,1.4,2.0,0.2,0.1,1.0,Russell Westbrook,1
73,2022-23,4.2,1.6,2.2,0.3,0.1,0.8,Russell Westbrook,2
72,2022-23,3.3,1.2,2.0,0.3,0.1,1.0,Russell Westbrook,3
62,2022-23,4.2,1.8,1.5,0.2,0.1,0.7,Russell Westbrook,4
73,2022-23,2.1,0.6,0.6,0.1,0.0,0.2,Coby White,1
71,2022-23,2.9,0.7,0.8,0.3,0.0,0.3,Coby White,2
71,2022-23,1.6,0.7,0.8,0.2,0.0,0.3,Coby White,3
68,2022-23,3.4,1.0,0.7,0.2,0.1,0.2,Coby White,4
82,2022-23,3.5,1.3,1.1,0.2,0.3,0.3,Derrick White,1
80,2022-23,3.6,0.8,1.1,0.2,0.1,0.2,Derrick White,2
80,2022-23,2.8,0.9,0.9,0.2,0.3,0.4,Derrick White,3
73,2022-23,2.9,0.7,0.9,0.1,0.2,0.3,Derrick White,4
51,2022-23,1.8,1.0,0.3,0.1,0.0,0.2,Aaron Wiggins,1
66,2022-23,2.3,0.9,0.4,0.2,0.0,0.3,Aaron Wiggins,2
51,2022-23,1.5,0.8,0.3,0.2,0.1,0.3,Aaron Wiggins,3
61,2022-23,2.6,1.0,0.3,0.2,0.1,0.2,Aaron Wiggins,4
37,2022-23,4.6,1.2,0.8,0.3,0.3,0.4,Andrew Wiggins,1
37,2022-23,4.6,1.2,0.8,0.2,0.1,0.3,Andrew Wiggins,2
37,2022-23,4.7,1.1,0.5,0.4,0.2,0.4,Andrew Wiggins,3
36,2022-23,3.1,1.6,0.3,0.3,0.2,0.2,Andrew Wiggins,4
3,2022-23,1.7,0.7,1.0,0.0,0.0,0.3,Lindell Wigginton,1
2,2022-23,6.5,0.5,1.0,0.0,0.0,0.5,Lindell Wigginton,2
2,2022-23,3.5,0.5,1.5,0.0,0.5,1.5,Lindell Wigginton,3
7,2022-23,3.6,0.4,0.9,0.0,0.1,1.0,Lindell Wigginton,4
75,2022-23,1.9,1.2,0.6,0.1,0.1,0.3,Grant Williams,1
78,2022-23,2.1,1.0,0.3,0.1,0.1,0.2,Grant Williams,2
72,2022-23,2.0,1.2,0.4,0.1,0.1,0.3,Grant Williams,3
71,2022-23,2.6,1.5,0.5,0.2,0.1,0.3,Grant Williams,4
75,2022-23,3.1,1.0,0.7,0.3,0.1,0.3,Jalen Williams,1
75,2022-23,3.9,1.2,0.9,0.3,0.1,0.4,Jalen Williams,2
73,2022-23,3.1,1.1,0.8,0.3,0.2,0.4,Jalen Williams,3
72,2022-23,4.2,1.2,0.9,0.5,0.1,0.5,Jalen Williams,4
42,2022-23,2.0,1.8,0.4,0.1,0.0,0.3,Jaylin Williams,1
41,2022-23,1.5,1.3,0.7,0.2,0.0,0.2,Jaylin Williams,2
41,2022-23,2.3,1.6,0.5,0.2,0.1,0.3,Jaylin Williams,3
33,2022-23,1.4,1.3,0.4,0.1,0.1,0.2,Jaylin Williams,4
48,2022-23,1.7,0.9,0.4,0.1,0.0,0.1,Kenrich Williams,1
53,2022-23,3.0,1.8,0.8,0.2,0.1,0.2,Kenrich Williams,2
46,2022-23,1.8,1.0,0.4,0.2,0.0,0.1,Kenrich Williams,3
50,2022-23,1.9,1.5,0.5,0.4,0.1,0.2,Kenrich Williams,4
37,2022-23,2.3,2.0,0.1,0.1,0.2,0.3,Mark Williams,1
37,2022-23,3.0,2.1,0.2,0.2,0.5,0.3,Mark Williams,2
36,2022-23,2.6,2.1,0.2,0.2,0.2,0.3,Mark Williams,3
40,2022-23,2.4,1.9,0.1,0.1,0.3,0.2,Mark Williams,4
5,2022-23,2.6,0.8,0.2,0.0,0.2,0.4,Nate Williams,1
5,2022-23,1.2,0.6,0.6,0.4,0.0,0.0,Nate Williams,2
5,2022-23,2.4,0.8,0.6,0.2,0.0,0.4,Nate Williams,3
5,2022-23,4.4,0.8,0.6,0.0,0.2,0.0,Nate Williams,4
82,2022-23,3.0,1.1,0.3,0.2,0.3,0.4,Patrick Williams,1
81,2022-23,2.4,1.0,0.3,0.3,0.2,0.3,Patrick Williams,2
82,2022-23,3.0,1.1,0.4,0.3,0.2,0.3,Patrick Williams,3
76,2022-23,1.9,1.0,0.2,0.2,0.2,0.2,Patrick Williams,4
16,2022-23,1.7,0.6,0.2,0.1,0.1,0.3,Ziaire Williams,1
29,2022-23,2.5,0.9,0.2,0.3,0.0,0.4,Ziaire Williams,2
20,2022-23,1.8,0.6,0.3,0.1,0.0,0.2,Ziaire Williams,3
28,2022-23,2.7,1.1,0.6,0.1,0.1,0.6,Ziaire Williams,4
35,2022-23,1.9,2.0,0.3,0.2,0.5,0.3,Robert Williams III,1
35,2022-23,2.2,2.2,0.4,0.2,0.3,0.3,Robert Williams III,2
34,2022-23,2.5,2.5,0.4,0.2,0.4,0.3,Robert Williams III,3
30,2022-23,1.7,1.9,0.3,0.1,0.2,0.1,Robert Williams III,4
2,2022-23,2.0,2.0,0.5,1.0,0.5,0.5,Vince Williams Jr.,1
2,2022-23,1.5,0.5,0.0,1.0,0.0,0.5,Vince Williams Jr.,2
2,2022-23,2.0,0.0,0.0,0.0,0.0,0.5,Vince Williams Jr.,3
14,2022-23,1.2,0.7,0.2,0.1,0.1,0.1,Vince Williams Jr.,4
29,2022-23,5.2,2.1,1.3,0.3,0.1,0.9,Zion Williamson,1
29,2022-23,6.1,1.6,1.1,0.2,0.1,0.9,Zion Williamson,2
29,2022-23,7.8,1.9,1.3,0.2,0.1,1.1,Zion Williamson,3
26,2022-23,7.2,1.5,1.0,0.4,0.2,0.5,Zion Williamson,4
3,2022-23,1.7,0.0,0.3,0.3,0.0,0.3,Dylan Windler,4
39,2022-23,3.5,2.0,0.2,0.1,0.2,0.3,James Wiseman,1
33,2022-23,3.4,1.8,0.3,0.0,0.2,0.4,James Wiseman,2
39,2022-23,2.6,1.7,0.2,0.1,0.2,0.4,James Wiseman,3
35,2022-23,2.9,1.8,0.1,0.1,0.1,0.3,James Wiseman,4
67,2022-23,3.7,1.8,0.3,0.1,0.2,0.4,Christian Wood,1
66,2022-23,4.4,1.9,0.5,0.1,0.3,0.5,Christian Wood,2
65,2022-23,4.3,1.8,0.5,0.1,0.2,0.4,Christian Wood,3
62,2022-23,4.6,1.9,0.5,0.1,0.4,0.5,Christian Wood,4
50,2022-23,1.8,1.1,1.0,0.5,0.1,0.3,Delon Wright,1
50,2022-23,2.0,0.8,1.0,0.4,0.1,0.2,Delon Wright,2
50,2022-23,2.0,0.7,0.9,0.4,0.1,0.2,Delon Wright,3
49,2022-23,1.6,1.0,1.0,0.4,0.1,0.2,Delon Wright,4
31,2022-23,1.7,0.9,0.5,0.5,0.0,0.3,Thaddeus Young,1
49,2022-23,1.6,1.2,0.5,0.3,0.0,0.3,Thaddeus Young,2
35,2022-23,1.0,1.0,0.4,0.2,0.0,0.2,Thaddeus Young,3
35,2022-23,1.9,1.2,0.6,0.4,0.1,0.3,Thaddeus Young,4
73,2022-23,7.5,0.9,3.2,0.3,0.1,1.1,Trae Young,1
73,2022-23,5.4,0.6,2.1,0.2,0.0,1.0,Trae Young,2
73,2022-23,8.4,0.9,3.1,0.4,0.0,1.3,Trae Young,3
68,2022-23,5.1,0.6,1.8,0.1,0.0,0.8,Trae Young,4
6,2022-23,0.7,0.8,0.0,0.0,0.0,0.2,Omer Yurtseven,1
3,2022-23,1.7,1.3,0.7,0.0,0.0,0.3,Omer Yurtseven,2
3,2022-23,2.0,1.0,0.0,0.0,0.3,0.0,Omer Yurtseven,3
7,2022-23,3.6,1.6,0.0,0.3,0.1,0.3,Omer Yurtseven,4
13,2022-23,2.3,1.7,0.3,0.1,0.0,0.2,Cody Zeller,1
14,2022-23,2.9,1.3,0.2,0.1,0.1,0.6,Cody Zeller,2
12,2022-23,1.8,1.3,0.1,0.1,0.1,0.2,Cody Zeller,3
8,2022-23,0.8,1.0,0.2,0.0,0.1,0.2,Cody Zeller,4
76,2022-23,3.4,3.2,0.3,0.1,0.4,0.5,Ivica Zubac,1
75,2022-23,2.6,2.5,0.2,0.1,0.3,0.3,Ivica Zubac,2
75,2022-23,3.3,2.7,0.3,0.1,0.4,0.4,Ivica Zubac,3
54,2022-23,2.2,2.1,0.3,0.2,0.3,0.5,Ivica Zubac,4
