GP,GROUP_VALUE,PTS,REB,AST,STL,BLK,TOV,PLAYER_NAME,Tm
35,ALL,4.4,1.3,0.6,0.2,0,0.3,A.J. Green,MIL
9,Road,3.2,1.1,0.1,0.1,0,0.1,A.J. Lawson,
6,Home,4.5,1.8,0.2,0.2,0,0.3,A.J. Lawson,
15,ALL,3.7,1.4,0.1,0.1,0,0.2,A.J. Lawson,TOT
16,Road,5.4,1.2,0.3,0.1,0,0.2,AJ Green,
19,Home,3.6,1.4,0.9,0.3,0,0.3,AJ Green,
36,Home,9,2.4,1,0.8,0.1,0.5,AJ Griffin,
36,Road,8.8,1.9,1,0.4,0.2,0.7,AJ Griffin,
72,ALL,8.9,2.1,1,0.6,0.2,0.6,AJ Griffin,ATL
68,ALL,16.3,6.6,3,0.8,0.8,1.4,Aaron Gordon,DEN
37,Home,14.9,6.4,3,0.8,0.8,1.4,Aaron Gordon,
31,Road,18,6.7,3,0.7,0.7,1.5,Aaron Gordon,
63,ALL,3.9,1.2,1.4,0.6,0.2,0.6,Aaron Holiday,ATL
30,Road,4.5,1.4,1.7,0.6,0.3,0.6,Aaron Holiday,
33,Home,3.4,0.9,1.1,0.6,0.1,0.6,Aaron Holiday,
37,Home,11.4,4.2,1.4,0.8,0.6,1.1,Aaron Nesmith,
36,Road,8.8,3.4,1.3,0.7,0.3,1,Aaron Nesmith,
73,ALL,10.1,3.8,1.3,0.8,0.5,1,Aaron Nesmith,IND
70,ALL,6.8,3,1.1,0.6,0.2,0.8,Aaron Wiggins,OKC
33,Road,5.3,2.7,1,0.4,0.2,0.7,Aaron Wiggins,
37,Home,8.2,3.3,1.3,0.7,0.3,0.9,Aaron Wiggins,
20,Home,3.5,1.6,0.9,0.2,0.2,0.4,Admiral Schofield,
37,ALL,4.2,1.7,0.8,0.2,0.1,0.4,Admiral Schofield,ORL
17,Road,5,1.8,0.8,0.2,0.1,0.5,Admiral Schofield,
35,Home,10.7,6.5,3,0.4,1.1,0.7,Al Horford,
28,Road,8.6,5.8,3,0.6,0.8,0.5,Al Horford,
63,ALL,9.8,6.2,3,0.5,1,0.6,Al Horford,BOS
51,ALL,12.8,3.1,2.2,0.7,0.2,1.1,Alec Burks,DET
25,Home,10.9,3.2,2.3,0.6,0.1,1.2,Alec Burks,
26,Road,14.6,3,2.2,0.8,0.2,1.1,Alec Burks,
19,Home,8.5,4.5,1.7,0.8,1.3,1.3,Aleksej Pokusevski,
34,ALL,8.1,4.7,1.9,0.6,1.3,1.3,Aleksej Pokusevski,OKC
15,Road,7.6,4.9,2.1,0.3,1.2,1.3,Aleksej Pokusevski,
35,Road,5.3,3.3,2.7,1.3,0.6,1.4,Alex Caruso,
67,ALL,5.6,2.9,2.9,1.5,0.7,1.1,Alex Caruso,CHI
32,Home,5.8,2.5,3,1.7,0.8,0.9,Alex Caruso,
14,Home,1.9,2.1,0.4,0.1,0.4,0.7,Alex Len,
12,Road,1.4,2.6,0.5,0.2,0.5,0.5,Alex Len,
26,ALL,1.7,2.3,0.5,0.2,0.4,0.6,Alex Len,SAC
4,ALL,1.8,2.5,0.3,0.3,0,1,Alize Johnson,SAS
1,ALL,0,1,0,0,0,2,Alondes Williams,BRK
36,Home,15.3,9.3,4.5,1.1,0.9,2.4,Alperen Sengun,
39,Road,14.3,8.8,3.3,0.8,0.9,2.7,Alperen Sengun,
75,ALL,14.8,9,3.9,0.9,0.9,2.6,Alperen Sengun,HOU
28,Home,2.8,0.9,0.7,0.1,0.1,0.4,Amir Coffey,
50,ALL,3.4,1.1,1.1,0.1,0.1,0.4,Amir Coffey,LAC
22,Road,4.2,1.2,1.5,0.1,0.1,0.5,Amir Coffey,
34,Home,6.2,6.9,0.6,0.6,0.4,1.1,Andre Drummond,
33,Road,5.7,6.3,0.4,0.8,0.4,1.1,Andre Drummond,
67,ALL,6,6.6,0.5,0.7,0.4,1.1,Andre Drummond,CHI
8,ALL,2.1,2.1,2.4,0.5,0.4,1.1,Andre Iguodala,GSW
75,ALL,9.5,2.7,4.5,0.9,0.2,1.7,Andrew Nembhard,IND
36,Home,8.7,2.6,4.6,1,0.1,1.6,Andrew Nembhard,
39,Road,10.1,2.7,4.5,0.9,0.2,1.7,Andrew Nembhard,
19,Home,18.6,5.3,2.1,1.5,0.7,1.4,Andrew Wiggins,
18,Road,15.6,4.7,2.5,0.9,0.8,1.2,Andrew Wiggins,
37,ALL,17.1,5,2.3,1.2,0.8,1.3,Andrew Wiggins,GSW
34,Home,19.8,2.7,4.3,0.7,0.3,1.9,Anfernee Simons,
28,Road,22.6,2.5,3.8,0.6,0.1,2.2,Anfernee Simons,
62,ALL,21.1,2.6,4.1,0.7,0.2,2.1,Anfernee Simons,POR
56,ALL,25.9,12.5,2.6,1.1,2,2.2,Anthony Davis,LAL
25,Road,28.5,12.8,2.4,1.2,2,2.2,Anthony Davis,
31,Home,23.8,12.3,2.8,1,2.1,2.2,Anthony Davis,
39,Road,23.4,5.4,4.1,1.4,0.8,2.9,Anthony Edwards,
40,Home,25.9,6.2,4.8,1.8,0.7,3.6,Anthony Edwards,
79,ALL,24.6,5.8,4.4,1.6,0.7,3.3,Anthony Edwards,MIN
59,ALL,3.3,1.7,0.6,0.1,0.2,0.3,Anthony Gill,WAS
30,Road,2.6,1.4,0.4,0.1,0.2,0.1,Anthony Gill,
29,Home,4,2,0.8,0.1,0.2,0.4,Anthony Gill,
62,ALL,6.7,3.5,1.5,0.5,0.3,0.9,Anthony Lamb,GSW
33,Home,13.5,3.1,3.7,0.6,0.4,1.4,Austin Reaves,
31,Road,12.5,3,3,0.4,0.2,1.7,Austin Reaves,
64,ALL,13,3,3.4,0.5,0.3,1.5,Austin Reaves,LAL
52,ALL,4.9,1.6,1.4,0.5,0.1,0.4,Austin Rivers,MIN
41,Road,8.3,2.7,2.6,0.6,0.4,1.2,Ayo Dosunmu,
39,Home,8.9,2.8,2.5,0.9,0.3,1.2,Ayo Dosunmu,
80,ALL,8.6,2.8,2.6,0.8,0.3,1.2,Ayo Dosunmu,CHI
75,ALL,20.4,9.2,3.2,1.2,0.8,2.5,Bam Adebayo,MIA
37,Road,20.7,9.4,3.4,1.3,0.8,2.5,Bam Adebayo,
38,Home,20.1,8.9,3,1.1,0.8,2.5,Bam Adebayo,
18,Home,5.8,6.7,6.4,1.4,0.4,2.1,Ben Simmons,
42,ALL,6.9,6.3,6.1,1.3,0.6,2.3,Ben Simmons,BRK
24,Road,7.8,6,5.8,1.2,0.7,2.5,Ben Simmons,
38,Road,15.5,3.6,1.5,0.6,0.2,1.7,Bennedict Mathurin,
40,Home,17.8,4.5,1.4,0.6,0.2,2.2,Bennedict Mathurin,
78,ALL,16.7,4.1,1.5,0.6,0.2,1.9,Bennedict Mathurin,IND
33,Home,4.5,4.8,1,0.3,1.7,1,Bismack Biyombo,
61,ALL,4.3,4.3,0.9,0.3,1.4,0.8,Bismack Biyombo,PHO
28,Road,4,3.6,0.9,0.3,1.1,0.6,Bismack Biyombo,
41,ALL,4.1,3.8,1.5,0.3,0.2,0.5,Blake Griffin,BOS
18,Home,5.1,1.9,2.2,0.5,0.3,1.6,Blake Wesley,
37,ALL,5,2.2,2.7,0.7,0.1,1.8,Blake Wesley,SAS
19,Road,4.8,2.5,3.1,0.8,0,1.9,Blake Wesley,
31,ALL,3.3,1.9,0.3,0.2,0.1,0.5,Boban Marjanovic,HOU
19,Road,3.8,2.1,0.4,0.2,0.1,0.5,Boban Marjanovic,
12,Home,2.4,1.8,0.1,0.1,0,0.3,Boban Marjanovic,
36,Road,13.1,9.1,1.5,0.4,0.1,1.2,Bobby Portis,
34,Home,15.1,10.2,1.5,0.4,0.4,1.1,Bobby Portis,
70,ALL,14.1,9.6,1.5,0.4,0.2,1.2,Bobby Portis,MIL
54,ALL,14,3.1,2.8,0.8,0.3,1.2,Bogdan Bogdanovic,ATL
27,Road,15.1,3.7,3.2,0.9,0.3,1.4,Bogdan Bogdanovic,
27,Home,12.9,2.4,2.4,0.7,0.3,1,Bogdan Bogdanovic,
59,ALL,21.6,3.8,2.6,0.6,0.1,2.3,Bojan Bogdanovic,DET
30,Road,20.8,4.2,2.7,0.5,0.1,2.3,Bojan Bogdanovic,
29,Home,22.4,3.4,2.4,0.7,0.2,2.2,Bojan Bogdanovic,
70,ALL,9.1,5.8,1,0.4,1.2,1.6,Bol Bol,ORL
36,Road,8.6,5.7,0.8,0.4,1.2,1.6,Bol Bol,
34,Home,9.6,5.9,1.2,0.5,1.2,1.6,Bol Bol,
56,ALL,11.8,2.4,3.1,0.7,0.3,1.5,Bones Hyland,TOT
25,Road,12,2.7,3.1,0.7,0.3,1.4,Bones Hyland,
31,Home,11.6,2.2,3.1,0.7,0.3,1.5,Bones Hyland,
23,Home,22.4,3.8,5.6,1.1,0.8,3.1,Bradley Beal,
50,ALL,23.2,3.9,5.4,0.9,0.7,2.9,Bradley Beal,WAS
27,Road,23.9,4,5.3,0.7,0.5,2.7,Bradley Beal,
22,ALL,6.5,1.4,0.9,0.4,0,0.5,Brandon Boston Jr.,LAC
9,Road,7.7,1.8,1.4,0.4,0,0.9,Brandon Boston Jr.,
13,Home,5.7,1.1,0.5,0.4,0,0.3,Brandon Boston Jr.,
56,ALL,10,5.5,1.3,0.6,0.7,1,Brandon Clarke,MEM
27,Home,10.7,5.8,1.4,0.6,0.7,0.8,Brandon Clarke,
29,Road,9.3,5.3,1.1,0.6,0.6,1.1,Brandon Clarke,
22,Home,23.2,5,5.9,1,0.4,3.2,Brandon Ingram,
23,Road,26.2,5.9,5.8,0.5,0.4,3.4,Brandon Ingram,
45,ALL,24.7,5.5,5.8,0.7,0.4,3.3,Brandon Ingram,NOP
3,Road,1.3,0.3,0,0,0,0,Braxton Key,
3,ALL,1.3,0.3,0,0,0,0,Braxton Key,DET
39,Road,16.5,7,1.3,0.5,2.5,1.5,Brook Lopez,
39,Home,15.3,6.3,1.2,0.4,2.4,1.3,Brook Lopez,
78,ALL,15.9,6.7,1.3,0.5,2.5,1.4,Brook Lopez,MIL
80,ALL,11.5,4.1,3.4,1.1,0.6,1.5,Bruce Brown,DEN
41,Home,12.2,4.2,3.1,1.1,0.7,1.4,Bruce Brown,
39,Road,10.8,4,3.6,1.1,0.6,1.7,Bruce Brown,
15,Road,5.5,3.4,1.1,0.3,0.8,0.6,Bruno Fernando,
39,ALL,3.9,3.5,0.8,0.2,0.9,0.6,Bruno Fernando,TOT
24,Home,3,3.6,0.6,0.1,0.9,0.7,Bruno Fernando,
22,Road,5.4,1.8,1.4,0.4,0.1,0.7,Bryce McGowens,
46,ALL,5.3,2,1.2,0.3,0.1,0.9,Bryce McGowens,CHO
24,Home,5.3,2.2,1,0.3,0.1,1.1,Bryce McGowens,
25,ALL,3.6,0.6,0.7,0.3,0.1,0.5,Bryn Forbes,MIN
10,ALL,1.6,0.6,0.4,0.2,0,0,Buddy Boeheim,DET
80,ALL,16.8,5,2.8,1.2,0.3,1.7,Buddy Hield,IND
39,Home,17.5,4.9,2.3,1.2,0.4,1.7,Buddy Hield,
41,Road,16.1,5.1,3.3,1.1,0.2,1.8,Buddy Hield,
75,ALL,20.9,4.4,5.7,0.9,0.5,2.4,CJ McCollum,NOP
39,Home,21.6,4.5,6.1,1,0.4,2.3,CJ McCollum,
36,Road,20.2,4.2,5.3,0.9,0.6,2.6,CJ McCollum,
12,ALL,19.9,6.2,6,0.8,0.6,3.3,Cade Cunningham,DET
6,Road,16.2,5,4.5,1,0.3,3,Cade Cunningham,
6,Home,23.7,7.3,7.5,0.7,0.8,3.5,Cade Cunningham,
26,Home,4.4,2.3,0.7,0.2,0.2,0.4,Caleb Houstan,
25,Road,3.2,1.6,0.5,0.3,0.1,0.3,Caleb Houstan,
51,ALL,3.8,1.9,0.6,0.2,0.1,0.4,Caleb Houstan,ORL
35,Home,9.3,4.7,1.5,1,0.4,1,Caleb Martin,
36,Road,9.9,5,1.8,1,0.5,1.2,Caleb Martin,
71,ALL,9.6,4.8,1.6,1,0.4,1.1,Caleb Martin,MIA
19,Road,12.1,2.5,1.7,1.1,0.4,1.5,Cam Reddish,
40,ALL,9.7,2.2,1.4,1,0.4,1.2,Cam Reddish,TOT
21,Home,7.5,1.9,1.2,0.9,0.3,0.9,Cam Reddish,
30,Home,10.5,1.7,1.3,0.3,0.1,1.3,Cam Thomas,
27,Road,10.7,1.6,1.4,0.4,0.1,0.9,Cam Thomas,
57,ALL,10.6,1.7,1.4,0.4,0.1,1.1,Cam Thomas,BRK
42,ALL,15.5,4.4,1.9,1.2,0.3,0.9,Cameron Johnson,TOT
17,Road,16.3,4,1.8,1.1,0.2,1.1,Cameron Johnson,
25,Home,14.9,4.7,1.9,1.3,0.4,0.7,Cameron Johnson,
26,Road,9,2.1,4.2,0.4,0.1,1.8,Cameron Payne,
22,Home,11.8,2.4,4.8,1,0.2,1.6,Cameron Payne,
48,ALL,10.3,2.2,4.5,0.7,0.2,1.7,Cameron Payne,PHO
37,Home,11.2,3.6,3.8,0.9,0.5,1.5,Caris LeVert,
74,ALL,12.1,3.8,3.9,1,0.3,1.6,Caris LeVert,CLE
37,Road,13.1,4,4,1,0.2,1.6,Caris LeVert,
7,ALL,2.9,0.7,0.9,0.3,0,0.3,Carlik Jones,CHI
77,ALL,8.7,2.3,1.5,0.5,0.1,0.7,Cedi Osman,CLE
40,Home,10,2.5,1.6,0.5,0.2,0.6,Cedi Osman,
37,Road,7.3,2.1,1.4,0.4,0.1,0.8,Cedi Osman,
1,ALL,7,3,0,0,1,0,Chance Comanche,POR
16,Road,5.9,5.5,1.4,0.5,0.6,1.4,Charles Bassey,
35,ALL,5.7,5.5,1.3,0.5,0.9,1.2,Charles Bassey,SAS
19,Home,5.5,5.5,1.4,0.4,1.2,0.9,Charles Bassey,
2,ALL,1,1,0.5,0,0,1,Chima Moneke,SAC
29,Home,4.8,3.1,0.5,0.3,0.1,0.5,Chimezie Metu,
66,ALL,4.9,3,0.6,0.3,0.3,0.5,Chimezie Metu,SAC
37,Road,4.9,2.9,0.7,0.4,0.5,0.5,Chimezie Metu,
40,Home,9.2,5.9,0.4,0.8,0.9,0.6,Chris Boucher,
36,Road,9.5,5.2,0.4,0.5,0.8,0.5,Chris Boucher,
76,ALL,9.4,5.5,0.4,0.6,0.8,0.5,Chris Boucher,TOR
25,Road,9,2.4,1.3,0.6,0.2,1.1,Chris Duarte,
46,ALL,7.9,2.5,1.4,0.5,0.2,0.9,Chris Duarte,IND
21,Home,6.5,2.7,1.5,0.5,0.2,0.7,Chris Duarte,
29,Road,13.9,4.5,9.3,1.7,0.6,2,Chris Paul,
30,Home,13.9,4,8.5,1.4,0.2,1.8,Chris Paul,
59,ALL,13.9,4.3,8.9,1.5,0.4,1.9,Chris Paul,PHO
1,ALL,2,0,0,0,0,1,Chris Silva,DAL
76,ALL,4.7,2.4,0.8,0.5,0.2,0.5,Christian Braun,DEN
37,Road,5,2.5,0.8,0.7,0.2,0.5,Christian Braun,
39,Home,4.5,2.2,0.7,0.4,0.2,0.4,Christian Braun,
58,ALL,3.1,2.9,0.5,0.4,1,0.3,Christian Koloko,TOR
26,Road,2.4,2.8,0.4,0.2,0.9,0.4,Christian Koloko,
32,Home,3.7,3.1,0.6,0.5,1.1,0.3,Christian Koloko,
67,ALL,16.6,7.3,1.8,0.4,1.1,1.8,Christian Wood,DAL
34,Road,16.6,7.5,2.1,0.5,1.2,1.9,Christian Wood,
33,Home,16.6,7.2,1.5,0.4,1,1.7,Christian Wood,
13,Road,3.5,3.2,1.5,0.7,0.2,0.8,Chuma Okeke,
14,Home,5.9,3.9,1.3,0.7,0.6,0.5,Chuma Okeke,
27,ALL,4.7,3.6,1.4,0.7,0.4,0.6,Chuma Okeke,ORL
35,Home,11.6,11.7,0.8,0.7,1.6,0.8,Clint Capela,
65,ALL,12,11,0.9,0.7,1.2,0.8,Clint Capela,ATL
30,Road,12.4,10.3,1,0.6,0.8,0.9,Clint Capela,
74,ALL,9.7,2.9,2.8,0.7,0.1,1,Coby White,CHI
37,Road,9.9,3,2.8,0.7,0,1.1,Coby White,
37,Home,9.5,2.8,2.7,0.8,0.1,0.9,Coby White,
5,Road,4.6,3,1.8,0.6,0.2,0.2,Cody Martin,
7,ALL,5,3.4,1.6,0.6,0.1,0.3,Cody Martin,CHO
2,Home,6,4.5,1,0.5,0,0.5,Cody Martin,
8,Home,6.5,4.6,0.6,0.2,0.1,0.8,Cody Zeller,
15,ALL,6.5,4.3,0.7,0.2,0.3,0.9,Cody Zeller,MIA
7,Road,6.6,3.9,0.7,0.1,0.4,1.1,Cody Zeller,
29,Home,13.3,4.7,4.2,0.6,0.4,1.5,Cole Anthony,
31,Road,12.7,4.9,3.6,0.6,0.6,1.5,Cole Anthony,
60,ALL,13,4.8,3.9,0.6,0.5,1.5,Cole Anthony,ORL
7,ALL,1.3,1,0.6,0,0,0,Cole Swider,LAL
2,Road,3,3,2,0,0,0,Cole Swider,
5,Home,0.6,0.2,0,0,0,0,Cole Swider,
23,Road,13.6,2.4,3,0.8,0.1,1.7,Collin Sexton,
25,Home,14.9,2,2.8,0.3,0.1,1.9,Collin Sexton,
48,ALL,14.3,2.2,2.9,0.6,0.1,1.8,Collin Sexton,UTA
37,Road,10.9,2.9,1.1,0.5,0.1,0.8,Corey Kispert,
37,Home,11.3,2.7,1.3,0.4,0.1,0.7,Corey Kispert,
74,ALL,11.1,2.8,1.2,0.4,0.1,0.7,Corey Kispert,WAS
33,Road,6.3,1.7,3.7,0.5,0.2,1.1,Cory Joseph,
29,Home,7.6,1.7,3.2,0.6,0.1,0.7,Cory Joseph,
62,ALL,6.9,1.7,3.5,0.5,0.1,0.9,Cory Joseph,DET
31,Road,16.7,3,6.2,0.9,0.3,2.6,D'Angelo Russell,
40,Home,18.6,3,6.1,1,0.5,2.6,D'Angelo Russell,
71,ALL,17.8,3,6.2,1,0.4,2.6,D'Angelo Russell,TOT
45,ALL,4.6,1.2,0.5,0.2,0.2,0.2,Davis Bertans,DAL
57,ALL,4,1.7,2.3,0.5,0.1,1.5,Daishen Nix,HOU
33,Road,4.1,1.7,2.2,0.5,0.1,1.5,Daishen Nix,
24,Home,3.8,1.7,2.4,0.5,0.1,1.5,Daishen Nix,
31,ALL,4.6,1.5,1.2,0.4,0.4,0.6,Dalano Banton,TOR
17,Road,5.2,1.4,1.1,0.5,0.5,0.5,Dalano Banton,
14,Home,3.9,1.5,1.3,0.3,0.4,0.6,Dalano Banton,
13,Road,2.2,1.2,0.6,0.3,0.2,0.4,Dalen Terry,
25,Home,2.2,0.8,0.6,0.3,0.1,0.1,Dalen Terry,
38,ALL,2.2,1,0.6,0.3,0.1,0.2,Dalen Terry,CHI
22,Road,4,3.6,0.4,0.1,0.7,0.7,Damian Jones,
19,Home,2.9,2.3,0.3,0.3,0.3,0.4,Damian Jones,
41,ALL,3.5,3,0.4,0.2,0.5,0.6,Damian Jones,TOT
58,ALL,32.2,4.8,7.3,0.9,0.3,3.3,Damian Lillard,POR
32,Home,34,4.6,7.1,0.9,0.4,3.2,Damian Lillard,
26,Road,29.9,5,7.6,0.8,0.2,3.3,Damian Lillard,
38,Road,8.6,3.2,1.6,0.5,0.1,1.2,Damion Lee,
74,ALL,8.2,3,1.3,0.4,0.1,1.1,Damion Lee,PHO
36,Home,7.7,2.9,1,0.3,0.1,0.9,Damion Lee,
40,Road,9.2,6.1,1.1,0.6,1.4,1.1,Daniel Gafford,
38,Home,8.8,5,1,0.3,1.2,1.1,Daniel Gafford,
78,ALL,9,5.6,1.1,0.4,1.3,1.1,Daniel Gafford,WAS
7,ALL,7,3.1,1.3,0.3,0.9,0.4,Daniel Theis,IND
6,Home,6.7,3,1.5,0.3,1,0.5,Daniel Theis,
1,Road,9,4,0,0,0,0,Daniel Theis,
4,Road,6.8,1.5,0.8,1,0.2,0.2,Danny Green,
7,Home,4.9,1.1,0.4,0.3,0.3,1.3,Danny Green,
11,ALL,5.5,1.3,0.5,0.5,0.3,0.9,Danny Green,TOT
31,Road,5.2,1.5,0.8,0.3,0.1,0.6,Danuel House Jr.,
56,ALL,4.8,1.7,0.8,0.3,0.2,0.5,Danuel House Jr.,PHI
25,Home,4.3,1.9,0.7,0.2,0.2,0.3,Danuel House Jr.,
27,Home,6.9,3.4,0.9,0.4,0.1,1.1,Dario Saric,
30,Road,5.8,3.9,1.6,0.3,0.1,0.9,Dario Saric,
57,ALL,6.4,3.6,1.3,0.4,0.1,1,Dario Saric,TOT
43,ALL,5.2,3.2,0.9,0.5,0.8,0.6,Darius Bazley,TOT
4,ALL,3.8,1.5,0.3,0,0.3,0,Darius Days,HOU
34,Home,23,2.7,8.3,1.1,0.1,3.1,Darius Garland,
35,Road,20.2,2.7,7.3,1.3,0.1,2.7,Darius Garland,
69,ALL,21.6,2.7,7.8,1.2,0.1,2.9,Darius Garland,CLE
23,ALL,3.7,1.3,0.9,0.4,0,0.8,David Duke Jr.,BRK
70,ALL,6.7,2.8,0.8,0.4,0.3,0.8,David Roddy,MEM
35,Home,6.5,2.9,0.8,0.3,0.3,0.8,David Roddy,
35,Road,6.8,2.7,0.9,0.6,0.3,0.8,David Roddy,
41,Home,5.3,1.2,2.4,0.6,0.1,0.6,Davion Mitchell,
80,ALL,5.6,1.3,2.3,0.6,0.2,0.8,Davion Mitchell,SAC
39,Road,6,1.5,2.2,0.5,0.2,0.9,Davion Mitchell,
21,Home,4.9,1.2,0.3,0.1,0.1,0.2,Davis Bertans,
24,Road,4.3,1.1,0.6,0.3,0.2,0.2,Davis Bertans,
43,ALL,2.1,1.4,0.5,0.3,0.1,0.5,Davon Reed,TOT
48,ALL,4.7,4.2,0.8,0.3,0.7,0.9,Day'Ron Sharpe,BRK
27,Home,4.2,4.3,0.6,0.2,0.7,0.9,Day'Ron Sharpe,
21,Road,5.4,4,1,0.4,0.6,0.9,Day'Ron Sharpe,
35,Road,24.9,4.1,6.2,1.3,0.3,2.4,De'Aaron Fox,
73,ALL,25,4.2,6.1,1.1,0.3,2.5,De'Aaron Fox,SAC
38,Home,25.1,4.3,6,1,0.4,2.6,De'Aaron Fox,
67,ALL,15.4,4.2,1.4,0.5,0.3,1.2,De'Andre Hunter,ATL
34,Home,15,4.7,1.5,0.6,0.3,1,De'Andre Hunter,
33,Road,15.8,3.8,1.3,0.5,0.2,1.5,De'Andre Hunter,
39,Road,9.5,3.9,2.5,1.9,0.5,1.5,De'Anthony Melton,
38,Home,10.8,4.2,2.6,1.4,0.6,1.2,De'Anthony Melton,
77,ALL,10.1,4.1,2.6,1.6,0.5,1.3,De'Anthony Melton,PHI
16,Home,5,5.2,1,0.1,0.6,1.2,DeAndre Jordan,
39,ALL,5.1,5.2,0.9,0.3,0.6,1.2,DeAndre Jordan,DEN
23,Road,5.2,5.2,0.8,0.4,0.6,1.2,DeAndre Jordan,
74,ALL,24.5,4.6,5.1,1.1,0.5,2.1,DeMar DeRozan,CHI
38,Home,24.1,4.5,4.7,1.1,0.5,2.2,DeMar DeRozan,
36,Road,25,4.8,5.5,1.1,0.5,1.9,DeMar DeRozan,
44,ALL,4.7,3.4,0.8,0.6,0.5,0.4,Dean Wade,CLE
22,Home,5.3,3.1,0.8,0.7,0.4,0.4,Dean Wade,
22,Road,4.1,3.7,0.9,0.5,0.6,0.4,Dean Wade,
34,Road,18.2,9.7,1.9,0.6,0.7,1.9,Deandre Ayton,
33,Home,17.7,10.2,1.5,0.5,0.9,1.7,Deandre Ayton,
67,ALL,18,10,1.7,0.6,0.8,1.8,Deandre Ayton,PHO
35,Road,20.9,5.1,5.9,1.4,0.3,1.9,Dejounte Murray,
74,ALL,20.5,5.3,6.1,1.5,0.3,2.2,Dejounte Murray,ATL
39,Home,20.1,5.4,6.2,1.6,0.3,2.4,Dejounte Murray,
50,ALL,7.4,3.6,3.9,1.8,0.3,0.9,Delon Wright,WAS
24,Road,6.5,3.5,3.6,1.7,0.3,0.8,Delon Wright,
26,Home,8.2,3.7,4.2,2,0.3,0.9,Delon Wright,
38,Road,9.3,6.1,2.9,1.2,0.4,1.7,Deni Avdija,
38,Home,9,6.7,2.6,0.6,0.3,1.5,Deni Avdija,
76,ALL,9.2,6.4,2.8,0.9,0.4,1.6,Deni Avdija,WAS
35,Road,12.5,2.6,4.5,0.5,0.1,1.8,Dennis Schroder,
31,Home,12.6,2.4,4.5,1,0.2,1.5,Dennis Schroder,
66,ALL,12.6,2.5,4.5,0.8,0.2,1.7,Dennis Schroder,LAL
27,Home,8.7,3.6,4.7,1.4,0.5,1.6,Dennis Smith Jr.,
54,ALL,8.8,3.1,4.8,1.4,0.5,1.5,Dennis Smith Jr.,CHO
27,Road,8.9,2.6,5,1.4,0.4,1.5,Dennis Smith Jr.,
2,ALL,0,0,0,0,0,0,Deonte Burton,SAC
5,Road,0.8,0.2,0,0,0,0,Dereon Seabron,
5,ALL,0.8,0.2,0,0,0,0,Dereon Seabron,NOP
34,Home,4.3,2,0.5,0.5,0.5,0.3,Derrick Jones Jr.,
64,ALL,5,2.4,0.5,0.5,0.6,0.4,Derrick Jones Jr.,CHI
30,Road,5.8,2.8,0.6,0.4,0.7,0.5,Derrick Jones Jr.,
27,ALL,5.6,1.5,1.7,0.3,0.2,0.8,Derrick Rose,NYK
15,Road,5.3,1.7,1.7,0.3,0.3,0.8,Derrick Rose,
12,Home,6,1.2,1.8,0.2,0,0.8,Derrick Rose,
82,ALL,12.4,3.6,3.9,0.7,0.9,1.2,Derrick White,BOS
41,Road,12.3,3.3,3.8,0.5,1,1,Derrick White,
41,Home,12.5,3.8,4,0.8,0.8,1.3,Derrick White,
29,Road,21.2,5.8,4.3,0.7,0.4,2.1,Desmond Bane,
29,Home,21.8,4.2,4.4,1.3,0.4,2.2,Desmond Bane,
58,ALL,21.5,5,4.4,1,0.4,2.2,Desmond Bane,MEM
28,Home,28.1,4.4,5.5,0.9,0.5,2.8,Devin Booker,
25,Road,27.4,4.7,5.6,1.1,0.2,2.6,Devin Booker,
53,ALL,27.8,4.5,5.5,1,0.3,2.7,Devin Booker,PHO
38,ALL,18.5,3.9,3.6,1.1,0.4,1.5,Devin Vassell,SAS
20,Home,18.8,3.7,3.6,1,0.5,1.5,Devin Vassell,
18,Road,18.1,4.1,3.5,1.3,0.4,1.5,Devin Vassell,
6,ALL,0.5,1.7,1.3,0.8,0,0.5,Devon Dotson,WAS
33,Home,7.3,1.7,2.5,0.4,0.2,0.8,Devonte' Graham,
40,Road,7.4,1.6,2.8,0.8,0.3,0.7,Devonte' Graham,
73,ALL,7.4,1.7,2.7,0.6,0.2,0.7,Devonte' Graham,TOT
38,ALL,5.2,3.5,0.7,0.2,0.5,0.7,Dewayne Dedmon,TOT
36,Road,15.5,3.6,2.6,1,0.2,1.6,Dillon Brooks,
73,ALL,14.3,3.3,2.6,0.9,0.2,1.4,Dillon Brooks,MEM
37,Home,13.2,3.1,2.6,0.8,0.3,1.3,Dillon Brooks,
39,Home,19.1,12.1,8.1,0.8,0.4,3.3,Domantas Sabonis,
40,Road,19.1,12.6,6.5,0.8,0.6,2.6,Domantas Sabonis,
79,ALL,19.1,12.3,7.3,0.8,0.5,2.9,Domantas Sabonis,SAC
28,ALL,3.9,3.6,0.9,0.4,0.7,0.5,Dominick Barlow,SAS
17,Road,4.6,4.3,0.8,0.4,0.8,0.5,Dominick Barlow,
11,Home,2.8,2.6,0.9,0.3,0.5,0.5,Dominick Barlow,
34,Road,28.9,4.2,4.2,1.2,0.2,2.7,Donovan Mitchell,
34,Home,27.6,4.3,4.6,1.7,0.6,2.6,Donovan Mitchell,
68,ALL,28.3,4.3,4.4,1.5,0.4,2.6,Donovan Mitchell,CLE
2,ALL,2,1,0,0,0,0,Donovan Williams,ATL
72,ALL,9.4,4.5,3.5,1.3,0.1,1.6,Donte DiVincenzo,GSW
33,Road,10.2,4.9,3.8,1.6,0.2,1.6,Donte DiVincenzo,
39,Home,8.7,4.2,3.3,1.2,0.1,1.5,Donte DiVincenzo,
29,Road,8.8,4.6,1.7,1.1,0.4,1.1,Dorian Finney-Smith,
66,ALL,8.3,4.8,1.5,0.8,0.5,0.9,Dorian Finney-Smith,TOT
37,Home,8,4.9,1.4,0.6,0.6,0.8,Dorian Finney-Smith,
33,Road,10,2,1.3,0.2,0.1,0.9,Doug McDermott,
31,Home,10.5,2.3,1.5,0.2,0.1,0.9,Doug McDermott,
64,ALL,10.2,2.2,1.4,0.2,0.1,0.9,Doug McDermott,SAS
34,Road,9.1,6.5,6.6,1.1,0.6,2.9,Draymond Green,
73,ALL,8.5,7.2,6.8,1,0.8,2.8,Draymond Green,GSW
39,Home,7.9,7.8,7.1,0.9,1,2.7,Draymond Green,
38,Road,6.6,5.3,1.3,0.4,1.2,0.8,Drew Eubanks,
40,Home,6.7,5.4,1.3,0.6,1.4,0.9,Drew Eubanks,
78,ALL,6.6,5.4,1.3,0.5,1.3,0.9,Drew Eubanks,POR
7,Road,4,1.1,1.1,0.4,0.3,0,Dru Smith,
15,ALL,2.9,1.6,1.5,0.7,0.3,0.2,Dru Smith,TOT
8,Home,2,2,1.8,0.9,0.2,0.4,Dru Smith,
14,Road,9.2,1.2,2.2,0.3,0.3,1.3,Duane Washington Jr.,
31,ALL,7.9,1.2,2,0.2,0.1,1.1,Duane Washington Jr.,PHO
17,Home,6.8,1.1,1.9,0.1,0,0.9,Duane Washington Jr.,
21,Road,5.1,1.5,1.1,0.5,0,0.8,Duncan Robinson,
21,Home,7.7,1.8,1.1,0.1,0,0.5,Duncan Robinson,
42,ALL,6.4,1.6,1.1,0.3,0,0.7,Duncan Robinson,MIA
36,Road,7,4.3,0.9,0.6,0.4,1,Dwight Powell,
40,Home,6.4,4,0.9,0.6,0.3,0.8,Dwight Powell,
76,ALL,6.7,4.1,0.9,0.6,0.3,0.9,Dwight Powell,DAL
3,ALL,1.7,0,0.3,0.3,0,0.3,Dylan Windler,CLE
2,Home,1.5,0,0,0,0,0,Dylan Windler,
1,Road,2,0,1,1,0,1,Dylan Windler,
59,ALL,3.8,3.2,2.3,0.7,0.2,1,Dyson Daniels,NOP
30,Home,4.3,3.5,2.3,0.8,0.2,0.9,Dyson Daniels,
29,Road,3.3,2.9,2.2,0.6,0.2,1,Dyson Daniels,
53,ALL,7.1,1.5,1.3,0.6,0.2,0.9,Edmond Sumner,BRK
39,Home,11.6,2.1,2.5,0.6,0.4,1.7,Eric Gordon,
69,ALL,12.4,1.9,2.7,0.6,0.4,1.5,Eric Gordon,TOT
30,Road,13.4,1.7,2.8,0.6,0.3,1.2,Eric Gordon,
23,Home,7.8,2.6,0.7,0.8,0,0.8,Eugene Omoruyi,
17,Road,5.8,3,0.8,0.5,0.1,0.9,Eugene Omoruyi,
40,ALL,7,2.8,0.7,0.7,0.1,0.9,Eugene Omoruyi,TOT
27,ALL,6.1,1.8,1.3,0.6,0.1,0.8,Evan Fournier,NYK
15,Home,5,1.5,1.3,0.4,0.1,0.8,Evan Fournier,
12,Road,7.5,2.2,1.4,0.8,0.2,0.8,Evan Fournier,
40,Home,15.6,9.2,3,0.6,1.4,2,Evan Mobley,
39,Road,16.7,8.8,2.7,0.9,1.7,1.7,Evan Mobley,
79,ALL,16.2,9,2.8,0.8,1.5,1.8,Evan Mobley,CLE
8,ALL,1.3,0.3,1.1,0.8,0,0.4,Facundo Campazzo,DAL
1,ALL,0,2,1,0,0,0,Frank Jackson,UTA
36,ALL,2.5,1.4,0.9,0.2,0.1,0.3,Frank Kaminsky,TOT
47,ALL,2.9,1.3,1.2,0.3,0.1,0.6,Frank Ntilikina,DAL
22,Home,2.8,1,1.2,0.4,0.2,0.5,Frank Ntilikina,
25,Road,3,1.6,1.3,0.3,0.1,0.8,Frank Ntilikina,
39,Home,19.8,4.2,4.2,0.9,0.2,1.9,Franz Wagner,
41,Road,17.4,4.1,2.9,1,0.2,2.3,Franz Wagner,
80,ALL,18.6,4.1,3.5,1,0.2,2.1,Franz Wagner,ORL
35,Road,18.8,4,7.5,1.8,0.7,2,Fred VanVleet,
69,ALL,19.3,4.1,7.2,1.8,0.6,2,Fred VanVleet,TOR
34,Home,19.9,4.1,6.8,1.7,0.4,2,Fred VanVleet,
14,Home,3.3,1.4,0.6,0.3,0.1,0.5,Furkan Korkmaz,
23,Road,4.1,1,0.6,0.3,0.1,0.7,Furkan Korkmaz,
37,ALL,3.8,1.1,0.6,0.3,0.1,0.6,Furkan Korkmaz,PHI
33,Road,8.8,2.1,2.4,0.8,0,0.9,Gabe Vincent,
35,Home,10,2.2,2.5,1,0.1,1.7,Gabe Vincent,
68,ALL,9.4,2.1,2.5,0.9,0.1,1.4,Gabe Vincent,MIA
3,ALL,8,2,1.7,0.7,0,0,Gabe York,IND
11,Road,2.8,0.7,0.5,0.5,0.2,0.1,Garrett Temple,
14,Home,1.4,0.6,0.5,0.3,0,0.2,Garrett Temple,
25,ALL,2,0.7,0.5,0.4,0.1,0.2,Garrett Temple,NOP
26,Road,5.5,1.3,0.7,0.5,0.1,0.5,Garrison Mathews,
28,Home,4,1.4,0.3,0.4,0.1,0.2,Garrison Mathews,
54,ALL,4.8,1.4,0.5,0.4,0.1,0.4,Garrison Mathews,TOT
26,Road,7.2,2,1.2,0.8,0.3,0.6,Gary Harris,
22,Home,9.5,2.1,1.3,1.1,0.2,0.5,Gary Harris,
48,ALL,8.3,2,1.2,0.9,0.3,0.6,Gary Harris,ORL
22,ALL,4.6,3.1,1.4,1,0.2,0.7,Gary Payton II,TOT
6,Road,4.2,4.2,1.2,1,0.5,0.8,Gary Payton II,
16,Home,4.8,2.8,1.4,1,0.1,0.7,Gary Payton II,
34,Road,16.5,2.4,1.5,1.3,0.1,0.7,Gary Trent Jr.,
32,Home,18.3,2.8,1.8,1.9,0.3,1,Gary Trent Jr.,
66,ALL,17.4,2.6,1.6,1.6,0.2,0.8,Gary Trent Jr.,TOR
46,ALL,5,1.8,2.4,0.6,0.1,0.7,George Hill,TOT
38,Road,8.2,2.4,1.1,0.2,0.1,0.7,Georges Niang,
40,Home,8.2,2.3,0.8,0.6,0.2,0.7,Georges Niang,
78,ALL,8.2,2.4,1,0.4,0.2,0.7,Georges Niang,PHI
63,ALL,31.1,11.8,5.7,0.8,0.8,3.9,Giannis Antetokounmpo,MIL
31,Road,29.1,12.2,6.3,0.9,0.8,4.1,Giannis Antetokounmpo,
32,Home,33,11.4,5.1,0.8,0.8,3.8,Giannis Antetokounmpo,
17,Home,5.4,4.1,1.2,0.4,0.7,0.6,Goga Bitadze,
21,Road,3.6,3.2,0.9,0.5,0.7,0.5,Goga Bitadze,
38,ALL,4.4,3.6,1,0.4,0.7,0.6,Goga Bitadze,TOT
58,ALL,6.3,1.4,2.6,0.2,0.1,1.1,Goran Dragic,TOT
26,Road,14.3,5.3,3.9,0.7,0.3,1.9,Gordon Hayward,
24,Home,15.1,3.2,4.3,1,0.2,2,Gordon Hayward,
50,ALL,14.7,4.3,4.1,0.8,0.2,2,Gordon Hayward,CHO
31,ALL,3.9,3.5,1.7,0.1,0.5,1,Gorgui Dieng,SAS
39,Home,7.5,4.5,1.8,0.5,0.4,0.8,Grant Williams,
79,ALL,8.1,4.6,1.7,0.5,0.4,1,Grant Williams,BOS
40,Road,8.7,4.6,1.5,0.5,0.4,1.2,Grant Williams,
72,ALL,10.4,3.3,2.3,0.9,0.2,1,Grayson Allen,MIL
37,Home,11.1,3.5,2.2,1,0.1,0.8,Grayson Allen,
35,Road,9.7,3,2.3,0.7,0.3,1.2,Grayson Allen,
6,Road,1.7,1.7,0,0.5,0.7,0.7,Greg Brown III,
10,Home,1.8,0.9,0.3,0.1,0.1,0.2,Greg Brown III,
16,ALL,1.8,1.2,0.2,0.3,0.3,0.4,Greg Brown III,POR
56,ALL,9.3,3.5,1,0.9,0.3,1.3,Hamidou Diallo,DET
41,Home,15.8,4.2,1.7,0.8,0.1,0.9,Harrison Barnes,
82,ALL,15,4.5,1.6,0.7,0.1,1,Harrison Barnes,SAC
41,Road,14.2,4.7,1.5,0.6,0.1,1.2,Harrison Barnes,
54,ALL,4.4,3.5,0.8,0.7,0.3,0.8,Haywood Highsmith,MIA
28,Road,4.7,3.8,0.7,0.8,0.3,0.8,Haywood Highsmith,
26,Home,4,3.2,0.9,0.6,0.3,0.9,Haywood Highsmith,
66,ALL,9.8,4.1,2.5,1.6,0.6,1.3,Herbert Jones,NOP
32,Home,10,4.1,2.1,1.3,0.8,1.5,Herbert Jones,
34,Road,9.7,4.1,2.8,1.8,0.5,1.1,Herbert Jones,
81,ALL,14.9,4.2,3.4,1,0.2,1.2,Immanuel Quickley,NYK
41,Home,15,4.3,3.2,0.8,0.2,1.3,Immanuel Quickley,
40,Road,14.8,4,3.7,1.2,0.2,1.2,Immanuel Quickley,
38,Road,6.7,2.6,1.1,0.7,0.3,0.6,Isaac Okoro,
38,Home,6.2,2.4,1.2,0.7,0.5,0.6,Isaac Okoro,
76,ALL,6.4,2.5,1.1,0.7,0.4,0.6,Isaac Okoro,CLE
41,Road,4.6,6.2,1.2,0.6,1,0.8,Isaiah Hartenstein,
82,ALL,5,6.5,1.2,0.6,0.8,0.8,Isaiah Hartenstein,NYK
41,Home,5.3,6.8,1.3,0.7,0.6,0.8,Isaiah Hartenstein,
34,Road,7.2,4.2,1,0.6,1.3,0.6,Isaiah Jackson,
29,Home,7.2,4.8,0.6,0.3,1.7,1,Isaiah Jackson,
63,ALL,7.2,4.5,0.8,0.5,1.5,0.8,Isaiah Jackson,IND
39,Home,9.7,1.9,1.2,0.5,0.1,0.5,Isaiah Joe,
34,Road,9.2,2.9,1.3,0.8,0.1,0.6,Isaiah Joe,
73,ALL,9.5,2.4,1.2,0.7,0.1,0.5,Isaiah Joe,OKC
52,ALL,6.7,2.8,0.8,0.5,0.5,0.6,Isaiah Livers,DET
24,Road,5.6,2.3,0.7,0.5,0.5,0.6,Isaiah Livers,
28,Home,7.6,3.1,0.9,0.6,0.5,0.5,Isaiah Livers,
8,Road,3.6,1.6,0.1,0.5,0.4,0.1,Isaiah Mobley,
13,ALL,2.4,1.5,0.2,0.3,0.2,0.1,Isaiah Mobley,CLE
4,Home,0.5,1.8,0.5,0,0,0,Isaiah Mobley,
42,ALL,4.1,2.5,0.9,0.4,0.2,0.7,Isaiah Roby,SAS
26,Home,11.3,8.2,1.4,0.5,0.7,1,Isaiah Stewart,
50,ALL,11.3,8.1,1.4,0.4,0.7,1.4,Isaiah Stewart,DET
24,Road,11.3,7.9,1.4,0.3,0.7,1.7,Isaiah Stewart,
6,ALL,1.5,2,0.7,0.2,0,0.3,Isaiah Todd,WAS
43,ALL,2.5,1.3,2.3,0.2,0.2,1,Ish Smith,DEN
21,Road,3.2,1.5,2.6,0.1,0.1,1.3,Ish Smith,
22,Home,1.8,1,2.1,0.2,0.2,0.8,Ish Smith,
60,ALL,4.2,2.3,0.9,0.6,0.4,0.4,Ish Wainright,PHO
29,Road,5,2.2,1,0.8,0.3,0.4,Ish Wainright,
31,Home,3.4,2.5,0.8,0.5,0.4,0.4,Ish Wainright,
38,Road,10.8,10.1,0.9,0.4,1.3,1.4,Ivica Zubac,
38,Home,10.7,9.8,1.1,0.4,1.2,1.7,Ivica Zubac,
76,ALL,10.8,9.9,1,0.4,1.3,1.5,Ivica Zubac,LAC
4,Road,0,0.2,0,0,0,0.2,JD Davison,
8,Home,2.4,1,1.4,0.2,0.2,0.4,JD Davison,
12,ALL,1.6,0.8,0.9,0.2,0.2,0.3,JD Davison,BOS
69,ALL,3.8,2.2,0.5,0.3,0.3,0.6,JT Thor,CHO
35,Road,3.7,2.2,0.6,0.3,0.4,0.7,JT Thor,
34,Home,3.9,2.2,0.4,0.3,0.3,0.5,JT Thor,
30,Road,25.3,5.2,8,0.9,0.2,3.6,Ja Morant,
31,Home,27,6.5,8.2,1.3,0.3,3.2,Ja Morant,
61,ALL,26.2,5.9,8.1,1.1,0.3,3.4,Ja Morant,MEM
57,ALL,6.4,3.6,0.9,0.4,0.4,0.9,JaMychal Green,GSW
17,Home,3.6,2,0.2,0.1,0.8,0.8,JaVale McGee,
25,Road,5,2.9,0.3,0.1,0.5,0.9,JaVale McGee,
42,ALL,4.4,2.5,0.3,0.1,0.6,0.9,JaVale McGee,DAL
79,ALL,12.8,7.2,1.3,0.5,0.9,1.3,Jabari Smith Jr.,HOU
39,Road,13.2,7.2,1.3,0.6,0.8,1.4,Jabari Smith Jr.,
40,Home,12.4,7.2,1.2,0.4,1,1.3,Jabari Smith Jr.,
56,ALL,3.9,2.3,0.6,0.2,0.2,0.5,Jabari Walker,POR
28,Home,4.4,1.9,0.6,0.1,0.2,0.4,Jabari Walker,
28,Road,3.3,2.8,0.6,0.2,0.2,0.6,Jabari Walker,
17,ALL,1.2,1,0.2,0.2,0.1,0.1,Jack White,DEN
1,ALL,3,4,7,3,0,2,Jacob Gilyard,MEM
1,Road,3,4,7,3,0,2,Jacob Gilyard,
21,Home,7.8,1.9,0.8,0.3,0.2,0.5,Jaden Hardy,
27,Road,9.5,1.9,1.8,0.4,0.1,1.3,Jaden Hardy,
48,ALL,8.8,1.9,1.4,0.4,0.1,1,Jaden Hardy,DAL
38,Road,15.6,3.5,4.6,0.8,0.1,3.2,Jaden Ivey,
74,ALL,16.3,3.9,5.2,0.8,0.2,3.2,Jaden Ivey,DET
36,Home,17,4.3,5.9,0.9,0.4,3.2,Jaden Ivey,
79,ALL,12.1,3.9,1.9,0.9,1,1.4,Jaden McDaniels,MIN
39,Home,11.9,4.2,2.2,0.7,1.1,1.5,Jaden McDaniels,
40,Road,12.2,3.6,1.6,1.2,0.8,1.3,Jaden McDaniels,
16,ALL,2.6,0.9,0.5,0.4,0.2,0.2,Jaden Springer,PHI
11,Road,2.8,0.7,0.5,0.4,0.1,0.2,Jaden Springer,
5,Home,2.2,1.2,0.4,0.6,0.4,0.2,Jaden Springer,
18,ALL,6.9,3.8,1.5,0.7,0.3,0.4,Jae Crowder,MIL
9,Home,6,3.2,1.2,0.7,0.6,0.4,Jae Crowder,
9,Road,7.8,4.4,1.8,0.7,0.1,0.3,Jae Crowder,
17,Home,9.2,4.2,2.6,0.6,0.3,1.5,Jae'Sean Tate,
14,Road,9.1,3.4,2.9,0.7,0.1,1.5,Jae'Sean Tate,
31,ALL,9.1,3.8,2.7,0.7,0.2,1.5,Jae'Sean Tate,HOU
35,ALL,3,1.8,0.6,0.3,0.1,0.5,Jake LaRavia,MEM
20,Home,1.8,1.5,0.4,0.3,0,0.2,Jake LaRavia,
15,Road,4.7,2.2,0.9,0.4,0.2,0.9,Jake LaRavia,
72,ALL,12.5,9.1,2.7,0.9,1.2,1.7,Jakob Poeltl,TOT
37,Home,12.1,9.5,3,1,1.4,1.9,Jakob Poeltl,
35,Road,12.9,8.6,2.5,0.8,0.9,1.5,Jakob Poeltl,
31,Road,23.5,3.7,6.3,1,0.3,2.1,Jalen Brunson,
68,ALL,24,3.5,6.2,0.9,0.2,2.1,Jalen Brunson,NYK
37,Home,24.5,3.4,6.1,0.8,0.2,2.1,Jalen Brunson,
67,ALL,9.1,8.9,1.1,0.7,0.9,1.4,Jalen Duren,DET
32,Home,10.4,9.5,1.4,0.8,1,1.5,Jalen Duren,
35,Road,8,8.3,0.9,0.5,0.7,1.3,Jalen Duren,
37,Road,19.9,3.3,3.5,0.7,0.3,2.5,Jalen Green,
39,Home,24.3,4.2,3.9,0.8,0.2,2.8,Jalen Green,
76,ALL,22.1,3.7,3.7,0.8,0.2,2.6,Jalen Green,HOU
34,Home,5.1,3.9,1.2,0.5,0.4,0.5,Jalen Johnson,
36,Road,6.2,4.2,1.2,0.6,0.5,0.7,Jalen Johnson,
70,ALL,5.6,4,1.2,0.5,0.5,0.6,Jalen Johnson,ATL
36,Home,8.6,4,1.6,0.9,0.4,0.9,Jalen McDaniels,
44,Road,10.1,4.6,1.6,1.2,0.5,1.4,Jalen McDaniels,
80,ALL,9.4,4.3,1.6,1,0.4,1.2,Jalen McDaniels,TOT
68,ALL,9.4,5.8,1,0.3,0.9,1.1,Jalen Smith,IND
35,Home,8.7,5.1,0.8,0.4,0.7,1.1,Jalen Smith,
33,Road,10.3,6.5,1.1,0.2,1.1,1,Jalen Smith,
27,Road,8.9,3.1,2.5,1.3,0.4,1.7,Jalen Suggs,
26,Home,11,3,3.3,1.2,0.6,1.8,Jalen Suggs,
53,ALL,9.9,3,2.9,1.3,0.5,1.8,Jalen Suggs,ORL
75,ALL,14.1,4.5,3.3,1.4,0.5,1.6,Jalen Williams,OKC
39,Road,12.5,4.3,3.2,1.3,0.4,1.6,Jalen Williams,
36,Home,15.8,4.7,3.4,1.4,0.5,1.7,Jalen Williams,
8,Home,7.2,4,0.8,1,0,0.6,Jamal Cain,
10,Road,4,2,0.6,0.3,0.1,0.1,Jamal Cain,
18,ALL,5.4,2.9,0.7,0.6,0.1,0.3,Jamal Cain,MIA
29,Road,19.1,3.9,5.9,1,0.2,2.3,Jamal Murray,
36,Home,20.7,4,6.4,1,0.3,2.2,Jamal Murray,
65,ALL,20,4,6.2,1,0.2,2.2,Jamal Murray,DEN
5,ALL,3,1.2,0.8,0.8,0.4,0.8,Jamaree Bouyea,TOT
34,ALL,5.6,2.1,1.2,0.4,0.1,0.9,James Bouknight,CHO
17,Home,5.9,2.1,1.4,0.4,0.2,1.2,James Bouknight,
17,Road,5.4,2.1,1.1,0.4,0.1,0.6,James Bouknight,
58,ALL,21,6.1,10.7,1.2,0.5,3.4,James Harden,PHI
25,Road,21.2,6.2,10.5,1.1,0.5,3.3,James Harden,
33,Home,20.8,6.1,10.8,1.3,0.6,3.4,James Harden,
18,ALL,2.8,1.7,0.8,0.4,0.3,0.4,James Johnson,IND
21,Home,11.6,6.8,0.9,0.1,0.6,1.2,James Wiseman,
24,Road,8.6,5.2,0.5,0.2,0.6,1,James Wiseman,
45,ALL,10,5.9,0.7,0.2,0.6,1.1,James Wiseman,TOT
3,Home,9.7,1.3,1.3,0.7,0,1,Jared Butler,
3,Road,2.7,0,1.3,1,0,0.7,Jared Butler,
6,ALL,6.2,0.7,1.3,0.8,0,0.8,Jared Butler,OKC
14,ALL,3.2,2.6,0.3,0.3,0.1,0.2,Jared Rhoden,DET
9,Road,4.3,3.2,0.4,0.4,0.1,0.2,Jared Rhoden,
5,Home,1.2,1.6,0,0,0,0.2,Jared Rhoden,
33,Home,18.5,7,1,1.2,3.6,1.5,Jaren Jackson Jr.,
30,Road,18.8,6.5,0.9,0.9,2.4,1.9,Jaren Jackson Jr.,
63,ALL,18.6,6.8,1,1,3,1.7,Jaren Jackson Jr.,MEM
78,ALL,7.9,7.5,2.4,1.1,0.3,1.2,Jarred Vanderbilt,TOT
37,Road,8.8,7.8,2.6,1.3,0.3,1.4,Jarred Vanderbilt,
41,Home,7.1,7.1,2.2,0.8,0.2,1.1,Jarred Vanderbilt,
4,ALL,5.5,1.5,0.8,0,0.5,0.5,Jarrell Brantley,UTA
68,ALL,14.3,9.8,1.7,0.8,1.2,1.4,Jarrett Allen,CLE
35,Home,14.7,10.2,1.5,0.9,1.1,1.7,Jarrett Allen,
33,Road,13.8,9.4,1.8,0.7,1.4,1.1,Jarrett Allen,
10,ALL,4.4,3.8,0.6,0.6,0.2,0.7,Jarrett Culver,ATL
14,ALL,2.9,1.6,1.9,0.1,0,0.7,Jason Preston,LAC
32,ALL,5.2,2.8,0.7,0.8,0.7,0.6,Javonte Green,CHI
47,ALL,5,2.8,0.7,0.4,0.4,0.7,Jaxson Hayes,NOP
25,Road,5.5,2.3,0.8,0.4,0.4,0.8,Jaxson Hayes,
22,Home,4.3,3.4,0.7,0.5,0.5,0.5,Jaxson Hayes,
2,Road,7,2,2.5,0.5,1.5,0.5,Jay Huff,
5,Home,7.4,3.4,1,0.4,0.2,0.8,Jay Huff,
7,ALL,7.3,3,1.4,0.4,0.6,0.7,Jay Huff,WAS
2,ALL,6.5,3,0.5,1,0,1.5,Jay Scrubb,ORL
67,ALL,26.6,6.9,3.5,1.1,0.4,2.9,Jaylen Brown,BOS
35,Home,26.7,6.8,3.3,1.1,0.3,3.2,Jaylen Brown,
32,Road,26.6,6.9,3.7,1.2,0.5,2.7,Jaylen Brown,
65,ALL,10.8,2.6,2,0.6,0.1,1,Jaylen Nowell,MIN
21,Home,6.2,6,1.7,0.6,0.3,0.9,Jaylin Williams,
49,ALL,5.9,4.9,1.6,0.6,0.2,0.8,Jaylin Williams,OKC
28,Road,5.6,4.1,1.5,0.5,0.2,0.7,Jaylin Williams,
36,Home,31.7,8.8,4.3,1.2,0.6,2.6,Jayson Tatum,
74,ALL,30.1,8.8,4.6,1.1,0.7,2.9,Jayson Tatum,BOS
38,Road,28.6,8.8,4.9,0.9,0.7,3.1,Jayson Tatum,
5,ALL,10.6,3,2,0.6,0.4,0.8,Jeenathan Williams,POR
25,ALL,2.4,0.9,1.2,0.4,0.1,0.2,Jeff Dowtin,TOR
31,Road,7.6,2.5,1.2,0.3,0.3,0.8,Jeff Green,
56,ALL,7.8,2.6,1.2,0.3,0.3,0.8,Jeff Green,DEN
25,Home,8,2.6,1.3,0.4,0.4,0.8,Jeff Green,
63,ALL,20.5,4.5,2.4,0.8,0.8,1.8,Jerami Grant,POR
30,Home,20,4.3,2,0.7,1,2,Jerami Grant,
33,Road,20.9,4.7,2.8,0.9,0.7,1.7,Jerami Grant,
24,Road,7.2,4.3,0.8,0.3,0.3,0.5,Jeremiah Robinson-Earl,
43,ALL,6.8,4.2,1,0.6,0.3,0.4,Jeremiah Robinson-Earl,OKC
19,Home,6.3,4.1,1.3,0.9,0.2,0.3,Jeremiah Robinson-Earl,
56,ALL,11,5.3,2.5,0.8,0.4,1.7,Jeremy Sochan,SAS
30,Home,11.1,5.3,2.3,0.8,0.2,1.5,Jeremy Sochan,
26,Road,10.8,5.2,2.8,0.7,0.6,2,Jeremy Sochan,
27,Road,4.5,5.6,0.5,0.4,0.6,0.6,Jericho Sims,
52,ALL,3.4,4.7,0.5,0.3,0.5,0.5,Jericho Sims,NYK
25,Home,2.3,3.7,0.4,0.2,0.5,0.4,Jericho Sims,
81,ALL,8,2.5,2.4,0.8,0.4,1,Jevon Carter,MIL
41,Home,6.2,2.7,2.2,0.8,0.3,0.9,Jevon Carter,
40,Road,9.9,2.3,2.7,0.8,0.4,1,Jevon Carter,
33,Home,24.2,6.4,5.4,1.8,0.4,1.2,Jimmy Butler,
31,Road,21.6,5.3,5.2,1.9,0.3,1.9,Jimmy Butler,
64,ALL,22.9,5.9,5.3,1.8,0.3,1.6,Jimmy Butler,MIA
69,ALL,6.6,4.1,1,0.2,0.4,0.9,Jock Landale,PHO
33,Home,6.4,3.5,1,0.2,0.4,1,Jock Landale,
36,Road,6.8,4.6,0.9,0.2,0.4,0.7,Jock Landale,
37,Road,6.4,2.1,1.4,0.3,0.1,0.5,Joe Harris,
74,ALL,7.6,2.2,1.4,0.5,0.2,0.6,Joe Harris,BRK
37,Home,8.8,2.3,1.4,0.6,0.2,0.6,Joe Harris,
22,Home,7.2,3,2.9,0.7,0.1,1.1,Joe Ingles,
46,ALL,6.9,2.8,3.3,0.7,0.1,1.2,Joe Ingles,MIL
24,Road,6.6,2.6,3.6,0.7,0.1,1.3,Joe Ingles,
9,ALL,1,0.4,0.3,0,0,0.1,Joe Wieskamp,TOR
30,Road,32.3,9.4,4.2,0.9,1.4,3.3,Joel Embiid,
66,ALL,33.1,10.2,4.2,1,1.7,3.4,Joel Embiid,PHI
36,Home,33.7,10.8,4.1,1.1,1.9,3.5,Joel Embiid,
19,ALL,2.4,0.9,0.6,0.4,0.5,0.1,John Butler Jr.,POR
10,Road,3.6,1.1,0.8,0.4,0.6,0.1,John Butler Jr.,
9,Home,1,0.7,0.3,0.3,0.3,0,John Butler Jr.,
37,Home,13.6,6.4,1.1,0.5,0.8,1.1,John Collins,
34,Road,12.5,6.7,1.3,0.6,1.3,1.1,John Collins,
71,ALL,13.1,6.5,1.2,0.6,1,1.1,John Collins,ATL
35,Home,5.2,4.2,1.1,0.9,0.4,0.6,John Konchar,
37,Road,4.9,4.4,1.6,1.2,0.3,0.4,John Konchar,
72,ALL,5.1,4.3,1.4,1.1,0.3,0.5,John Konchar,MEM
34,ALL,11.4,2.7,5.2,0.8,0.4,2.4,John Wall,LAC
28,ALL,5.8,2.3,1,0.4,0.3,0.6,Johnny Davis,WAS
18,Home,5.6,2.3,1,0.4,0.3,0.6,Johnny Davis,
10,Road,6.2,2.3,1,0.3,0.3,0.6,Johnny Davis,
8,Home,4.6,2.4,0.6,0.2,0.1,0.1,Johnny Juzang,
10,Road,5,2,0.3,0.2,0.2,0.2,Johnny Juzang,
18,ALL,4.8,2.2,0.4,0.2,0.2,0.2,Johnny Juzang,UTA
79,ALL,14.1,10.2,1.8,0.3,0.7,2,Jonas Valanciunas,NOP
40,Home,12.4,9.5,1.7,0.2,0.6,2.1,Jonas Valanciunas,
39,Road,15.8,10.9,1.9,0.3,0.7,1.9,Jonas Valanciunas,
7,Home,5.4,3.9,0.9,1.6,0.4,0.4,Jonathan Isaac,
11,ALL,5,4,0.5,1.3,0.4,0.4,Jonathan Isaac,ORL
4,Road,4.2,4.2,0,0.8,0.2,0.2,Jonathan Isaac,
67,ALL,9.9,3.4,1.9,0.6,0.5,1.4,Jonathan Kuminga,GSW
34,Home,8.9,3.3,1.6,0.6,0.4,1.5,Jonathan Kuminga,
33,Road,11,3.6,2.1,0.6,0.6,1.4,Jonathan Kuminga,
32,Home,21,4.4,4.2,0.5,0.1,3.2,Jordan Clarkson,
61,ALL,20.8,4,4.4,0.5,0.2,3,Jordan Clarkson,UTA
29,Road,20.6,3.6,4.7,0.6,0.3,2.9,Jordan Clarkson,
29,Road,6.9,3.4,2.8,1,0.4,0.7,Jordan Goodwin,
62,ALL,6.6,3.3,2.7,0.9,0.4,0.9,Jordan Goodwin,WAS
33,Home,6.2,3.2,2.6,0.8,0.4,1.1,Jordan Goodwin,
9,ALL,3.1,1.3,1.2,0.1,0,0.8,Jordan Hall,SAS
23,Road,3.6,1.4,3.7,0.8,0.1,0.7,Jordan McLaughlin,
43,ALL,3.7,1.4,3.4,0.7,0.1,0.8,Jordan McLaughlin,MIN
20,Home,3.9,1.4,3.2,0.6,0.1,0.8,Jordan McLaughlin,
62,ALL,8.7,3.7,1.4,0.4,0.2,1.1,Jordan Nwora,TOT
33,Home,7.9,3.5,1.3,0.3,0.2,1.1,Jordan Nwora,
29,Road,9.7,3.9,1.6,0.4,0.3,1,Jordan Nwora,
41,Road,19.8,2.4,4.4,0.8,0.2,3,Jordan Poole,
82,ALL,20.4,2.7,4.5,0.8,0.3,3.1,Jordan Poole,GSW
41,Home,21,3,4.6,0.8,0.3,3.1,Jordan Poole,
2,ALL,1.5,0,0.5,0.5,0,0,Jordan Schakel,WAS
61,ALL,9,2.3,3,1.1,0.2,1.3,Jose Alvarado,NOP
31,Home,10.1,2.4,2.9,1.3,0.2,1.3,Jose Alvarado,
30,Road,7.9,2.3,3.2,0.9,0.2,1.3,Jose Alvarado,
35,Road,6,1.2,1.4,0.5,0.3,1.1,Josh Christopher,
64,ALL,5.8,1.1,1.1,0.5,0.2,0.9,Josh Christopher,HOU
29,Home,5.6,1,0.8,0.6,0.1,0.8,Josh Christopher,
36,Home,16.2,7.7,7.2,0.9,0.3,2.8,Josh Giddey,
40,Road,16.9,8,5.3,0.6,0.5,2.8,Josh Giddey,
76,ALL,16.6,7.9,6.2,0.8,0.4,2.8,Josh Giddey,OKC
60,ALL,9.1,3,1.7,0.7,0.1,1.2,Josh Green,DAL
29,Road,9.1,3,1.9,0.7,0.1,1.2,Josh Green,
31,Home,9.1,3.1,1.5,0.7,0.1,1.2,Josh Green,
37,Home,9.7,7.4,3.5,1.4,0.4,1.2,Josh Hart,
76,ALL,9.8,7.8,3.8,1.2,0.3,1.5,Josh Hart,TOT
39,Road,9.8,8.2,4.1,0.9,0.2,1.8,Josh Hart,
15,ALL,3.1,1.7,0.3,0.3,0.4,0.2,Josh Minott,MIN
5,Home,0.8,0.6,0.2,0,0.2,0,Josh Minott,
10,Road,4.2,2.2,0.4,0.4,0.5,0.3,Josh Minott,
36,Road,7.3,3.4,1.4,0.9,0.4,0.9,Josh Okogie,
72,ALL,7.3,3.5,1.5,0.8,0.5,0.9,Josh Okogie,PHO
36,Home,7.4,3.6,1.5,0.7,0.6,0.9,Josh Okogie,
65,ALL,10.1,2.7,2.7,1.1,0.3,1.3,Josh Richardson,TOT
31,Home,10.2,2.6,2.4,1,0.3,1.4,Josh Richardson,
34,Road,10,2.8,2.9,1.1,0.3,1.2,Josh Richardson,
1,Home,10,3,5,0,1,3,Joshua Primo,
3,Road,6,3.3,4.3,0.3,0.3,2.7,Joshua Primo,
4,ALL,7,3.3,4.5,0.3,0.5,2.8,Joshua Primo,SAS
67,ALL,19.3,5.1,7.4,1.2,0.4,2.9,Jrue Holiday,MIL
35,Home,19.7,4.7,7.1,1.3,0.4,2.7,Jrue Holiday,
32,Road,18.8,5.5,7.7,1.1,0.4,3.2,Jrue Holiday,
52,ALL,3,2.4,1.3,0.3,0.2,0.7,Juan Toscano-Anderson,TOT
42,ALL,2.9,2.9,0.6,0.4,0.1,0.4,Juancho Hernangomez,TOR
10,Road,9.5,4.1,0.6,0.4,0.5,0.3,Julian Champagnie,
7,Home,10,2.7,0.6,0.3,0,1.1,Julian Champagnie,
17,ALL,9.7,3.5,0.6,0.4,0.3,0.6,Julian Champagnie,TOT
77,ALL,25.1,10,4.1,0.6,0.3,2.8,Julius Randle,NYK
38,Road,26.8,10.3,4.1,0.6,0.3,3.2,Julius Randle,
39,Home,23.5,9.7,4.1,0.6,0.3,2.5,Julius Randle,
5,ALL,2.2,1.6,0.8,0.2,0,0,Justin Champagnie,TOT
46,ALL,4.5,1.2,0.9,0.4,0.4,0.5,Justin Holiday,TOT
23,Road,3.5,1,1,0.1,0.3,0.4,Justin Holiday,
23,Home,5.4,1.4,0.8,0.7,0.5,0.6,Justin Holiday,
23,ALL,0.9,0.7,0.4,0.2,0.2,0.1,Justin Jackson,BOS
4,ALL,4.3,3.8,1,0.5,1.3,1,Justin Minaya,POR
3,Road,5,3.7,1,0.7,1.3,1,Justin Minaya,
1,Home,2,4,1,0,1,1,Justin Minaya,
29,ALL,6.8,5,3.4,1,0.4,1.5,Justise Winslow,POR
52,ALL,13.3,9.1,2.9,0.8,0.8,2.3,Jusuf Nurkic,POR
25,Road,11.4,8.5,2.9,0.7,0.8,2.4,Jusuf Nurkic,
27,Home,15.1,9.6,2.9,0.9,0.9,2.2,Jusuf Nurkic,
41,Home,11.9,5.5,1.5,0.6,0.2,1,KJ Martin,
41,Road,13.5,5.5,1.5,0.4,0.5,1.2,KJ Martin,
35,ALL,1.3,1,0.4,0.2,0.2,0.2,KZ Okpala,SAC
46,ALL,3.4,2.7,0.3,0.4,0.7,0.7,Kai Jones,CHO
29,ALL,20.8,8.1,4.8,0.7,0.6,3,Karl-Anthony Towns,MIN
14,Road,20.1,8.4,4.7,0.6,0.7,2.9,Karl-Anthony Towns,
15,Home,21.3,7.9,4.9,0.7,0.5,3.1,Karl-Anthony Towns,
28,Home,24.3,6.3,4,1.5,0.4,1.8,Kawhi Leonard,
52,ALL,23.8,6.5,3.9,1.4,0.5,1.7,Kawhi Leonard,LAC
24,Road,23.3,6.7,3.8,1.2,0.7,1.6,Kawhi Leonard,
80,ALL,12.2,4.6,1.2,0.8,0.5,0.8,Keegan Murray,SAC
39,Home,12.9,4,1.2,0.7,0.5,0.8,Keegan Murray,
41,Road,11.5,5.2,1.2,0.8,0.5,0.7,Keegan Murray,
32,Home,9,3.4,1.7,0.8,0.2,0.9,Keita Bates-Diop,
67,ALL,9.7,3.7,1.5,0.7,0.3,0.8,Keita Bates-Diop,SAS
35,Road,10.3,3.9,1.4,0.6,0.4,0.8,Keita Bates-Diop,
30,Road,20.8,4.5,3,0.5,0.2,2.2,Keldon Johnson,
33,Home,23.1,5.6,2.8,0.9,0.2,2,Keldon Johnson,
63,ALL,22,5,2.9,0.7,0.2,2.1,Keldon Johnson,SAS
35,Road,13.1,6.1,3.7,0.8,0.7,2.2,Kelly Olynyk,
33,Home,11.8,6.3,3.8,1,0.4,2.8,Kelly Olynyk,
68,ALL,12.5,6.2,3.7,0.9,0.5,2.5,Kelly Olynyk,UTA
24,Home,20.1,5.4,1.2,1.2,0.3,1.2,Kelly Oubre Jr.,
24,Road,20.4,5,1.1,1.6,0.4,1.4,Kelly Oubre Jr.,
48,ALL,20.3,5.2,1.1,1.4,0.4,1.3,Kelly Oubre Jr.,CHO
9,ALL,8,1.8,2.1,0.2,0.2,0.4,Kemba Walker,DAL
5,Road,1.4,1.2,0.6,0.6,0,0.4,Kendall Brown,
6,ALL,1.5,1,0.5,0.7,0,0.3,Kendall Brown,IND
1,Home,2,0,0,1,0,0,Kendall Brown,
70,ALL,7.1,1.6,1.3,0.4,0.1,0.9,Kendrick Nunn,TOT
36,ALL,2.2,1.1,1.6,0.3,0.1,0.5,Kennedy Chandler,MEM
24,ALL,5,2.1,0.8,0.2,0.1,0.5,Kenneth Lofton Jr.,MEM
12,Road,7.1,3,0.8,0.2,0.1,0.8,Kenneth Lofton Jr.,
12,Home,2.9,1.2,0.9,0.2,0.1,0.2,Kenneth Lofton Jr.,
26,Road,7.7,4.5,1.7,0.7,0.2,0.5,Kenrich Williams,
27,Home,8.4,5.3,2.3,1,0.4,0.7,Kenrich Williams,
53,ALL,8,4.9,2,0.8,0.3,0.6,Kenrich Williams,OKC
76,ALL,10.8,2.7,2.4,1.5,0.5,1.1,Kentavious Caldwell-Pope,DEN
39,Home,11.1,2.8,2.2,1.6,0.4,1,Kentavious Caldwell-Pope,
37,Road,10.5,2.7,2.7,1.3,0.5,1.3,Kentavious Caldwell-Pope,
82,ALL,12.7,5.5,1.5,0.5,0.4,1.1,Kenyon Martin Jr.,HOU
7,Home,0.6,0,0.1,0.3,0,0,Keon Ellis,
9,Road,2.2,0.9,0.6,0.3,0.1,0.1,Keon Ellis,
16,ALL,1.5,0.5,0.4,0.3,0.1,0.1,Keon Ellis,SAC
40,ALL,4.7,1.1,1.5,0.5,0.2,1.1,Keon Johnson,POR
23,Home,4.2,0.9,1.5,0.5,0.1,1,Keon Johnson,
17,Road,5.5,1.4,1.4,0.5,0.2,1.1,Keon Johnson,
36,ALL,2.8,1.7,0.6,0.4,0.2,0.4,Kessler Edwards,TOT
19,Road,3.5,2.1,0.6,0.3,0.2,0.6,Kessler Edwards,
17,Home,2,1.2,0.6,0.5,0.2,0.1,Kessler Edwards,
22,Home,28.9,6.3,5.5,1.1,1.5,3.4,Kevin Durant,
47,ALL,29.1,6.7,5,0.7,1.4,3.3,Kevin Durant,TOT
25,Road,29.2,7,4.6,0.4,1.4,3.3,Kevin Durant,
37,Home,17.7,3.5,2.8,1,0.2,1.2,Kevin Huerter,
38,Road,12.7,3.2,3.1,1.1,0.4,1.4,Kevin Huerter,
75,ALL,15.2,3.3,2.9,1.1,0.3,1.3,Kevin Huerter,SAC
63,ALL,6.6,2.8,0.5,0.4,0.2,0.8,Kevin Knox II,TOT
32,Home,5.3,2.7,0.7,0.3,0.2,0.7,Kevin Knox II,
31,Road,7.9,2.9,0.4,0.4,0.2,0.9,Kevin Knox II,
62,ALL,8.2,6.4,1.9,0.3,0.2,1.1,Kevin Love,TOT
31,Home,8.5,6.4,1.7,0.2,0.1,1.2,Kevin Love,
31,Road,8,6.5,2.1,0.4,0.3,1,Kevin Love,
59,ALL,19.2,5.3,5.7,1.4,0.3,3.2,Kevin Porter Jr.,HOU
34,ALL,4.1,2.1,0.5,0.5,0.1,0.6,Kevon Harris,ORL
15,Home,4.5,1.8,0.5,0.5,0.1,0.7,Kevon Harris,
19,Road,3.8,2.3,0.4,0.5,0.2,0.6,Kevon Harris,
82,ALL,7,9.3,2.5,0.6,0.6,0.5,Kevon Looney,GSW
41,Home,7,9.9,2.8,0.7,0.6,0.4,Kevon Looney,
41,Road,7.1,8.6,2.2,0.5,0.6,0.7,Kevon Looney,
20,ALL,2.2,1.3,0.4,0.3,0.3,0.4,Khem Birch,TOR
14,Road,16.1,3.6,5.1,1.1,0.1,2.3,Khris Middleton,
19,Home,14.3,4.7,4.8,0.4,0.2,2.1,Khris Middleton,
33,ALL,15.1,4.2,4.9,0.7,0.2,2.2,Khris Middleton,MIL
38,Home,9.4,2.6,6.5,1.4,0.4,2.5,Killian Hayes,
76,ALL,10.3,2.9,6.2,1.4,0.4,2.3,Killian Hayes,DET
38,Road,11.3,3.2,5.9,1.4,0.4,2.1,Killian Hayes,
25,ALL,4.6,1.3,0.9,0.4,0.1,0.4,Kira Lewis Jr.,NOP
13,Road,5.5,1.7,0.8,0.5,0.1,0.5,Kira Lewis Jr.,
12,Home,3.5,0.9,1,0.2,0.1,0.3,Kira Lewis Jr.,
33,Road,19.2,4.1,2.2,0.8,0.6,1.8,Klay Thompson,
69,ALL,21.9,4.1,2.4,0.7,0.4,1.8,Klay Thompson,GSW
36,Home,24.4,4.2,2.5,0.6,0.3,1.8,Klay Thompson,
5,ALL,1,0.8,1,0,0.4,0.2,Kobi Simmons,CHO
11,Home,12.6,3.9,6.2,1.1,0.3,1.1,Kris Dunn,
22,ALL,13.2,4.5,5.6,1.1,0.5,1.6,Kris Dunn,UTA
11,Road,13.7,5.2,5.1,1.2,0.6,2.1,Kris Dunn,
65,ALL,23.2,8.4,2.7,0.9,1.5,2.1,Kristaps Porzingis,WAS
34,Home,24.5,8,2.7,0.8,1.5,1.7,Kristaps Porzingis,
31,Road,21.6,8.8,2.6,1,1.6,2.5,Kristaps Porzingis,
35,Home,9.3,5,4.5,0.9,1,1.3,Kyle Anderson,
34,Road,9.4,5.7,5.2,1.4,0.8,1.7,Kyle Anderson,
69,ALL,9.4,5.3,4.9,1.1,0.9,1.5,Kyle Anderson,MIN
64,ALL,21.2,7.2,3.7,0.6,0.5,3,Kyle Kuzma,WAS
29,Home,22.4,7.8,4.2,0.5,0.2,3.3,Kyle Kuzma,
35,Road,20.2,6.7,3.4,0.6,0.6,2.7,Kyle Kuzma,
55,ALL,11.2,4.1,5.1,1,0.4,1.9,Kyle Lowry,MIA
29,Road,10.9,3.9,4.8,1,0.5,1.9,Kyle Lowry,
26,Home,11.5,4.3,5.4,1,0.2,1.8,Kyle Lowry,
30,Road,28.3,4.9,5.3,1.1,0.7,1.8,Kyrie Irving,
30,Home,25.8,5.3,5.7,1.1,0.8,2.4,Kyrie Irving,
60,ALL,27.1,5.1,5.5,1.1,0.8,2.1,Kyrie Irving,TOT
36,ALL,23.3,6.4,8.4,1.3,0.3,3.6,LaMelo Ball,CHO
17,Home,24.1,6.5,8.8,1.2,0.4,4,LaMelo Ball,
19,Road,22.6,6.4,8.2,1.4,0.3,3.2,LaMelo Ball,
31,Home,5.3,3.5,0.6,0.4,0.2,0.5,Lamar Stevens,
31,Road,5.3,3.2,0.5,0.5,0.5,0.3,Lamar Stevens,
62,ALL,5.3,3.3,0.5,0.4,0.3,0.4,Lamar Stevens,CLE
40,ALL,8.7,1.7,2.3,0.7,0.1,0.9,Landry Shamet,PHO
20,Home,8.2,1.5,2.1,0.6,0.2,0.8,Landry Shamet,
20,Road,9,1.8,2.6,0.7,0.1,1,Landry Shamet,
32,Road,5.5,5.2,1.8,0.9,0.5,0.7,Larry Nance Jr.,
65,ALL,6.8,5.4,1.8,0.9,0.6,0.6,Larry Nance Jr.,NOP
33,Home,8,5.7,1.8,0.8,0.7,0.6,Larry Nance Jr.,
66,ALL,25.6,8.6,1.9,0.6,0.6,1.9,Lauri Markkanen,UTA
33,Road,25.3,8.4,1.8,0.6,0.6,1.8,Lauri Markkanen,
33,Home,26,8.9,1.9,0.6,0.5,2,Lauri Markkanen,
55,ALL,28.9,8.3,6.8,0.9,0.6,3.2,LeBron James,LAL
26,Home,27.7,8,7.2,0.8,0.7,2.7,LeBron James,
29,Road,30,8.6,6.5,1,0.5,3.7,LeBron James,
14,ALL,0.4,0.5,0.5,0.2,0.1,0.5,Leandro Bolmaro,UTA
4,ALL,2.5,0.8,0.5,0.3,0,1.3,Lester Quinones,GSW
2,Home,0.5,0.5,0,0,0,1,Lester Quinones,
2,Road,4.5,1,1,0.5,0,1.5,Lester Quinones,
3,Home,9.7,1.7,3.7,0,0.3,2,Lindell Wigginton,
7,ALL,7.1,1,2,0,0.3,1.7,Lindell Wigginton,MIL
4,Road,5.2,0.5,0.8,0,0.2,1.5,Lindell Wigginton,
21,Road,6.2,2,0.8,0.3,0.2,0.2,Lindy Waters III,
41,ALL,5.2,1.8,0.7,0.3,0.3,0.2,Lindy Waters III,OKC
20,Home,4.2,1.6,0.6,0.4,0.4,0.2,Lindy Waters III,
31,Road,10.5,1.9,1.1,0.5,0.3,0.8,Lonnie Walker IV,
25,Home,13.1,2,1.2,0.6,0.3,0.8,Lonnie Walker IV,
56,ALL,11.7,1.9,1.1,0.5,0.3,0.8,Lonnie Walker IV,LAL
1,ALL,20,4,2,1,0,2,Louis King,PHI
37,Road,11.7,4.8,2.2,0.9,0.4,1.4,Luguentz Dort,
74,ALL,13.7,4.6,2.1,1,0.3,1.2,Luguentz Dort,OKC
37,Home,15.7,4.5,2,1.1,0.3,1.1,Luguentz Dort,
66,ALL,32.4,8.6,8,1.4,0.5,3.6,Luka Doncic,DAL
38,Home,33.9,9.1,7.8,1.2,0.5,3.6,Luka Doncic,
28,Road,30.3,8,8.2,1.5,0.5,3.5,Luka Doncic,
13,Road,8.1,2.5,0.7,0.1,0,0.5,Luka Garza,
15,Home,5.1,2.1,0.6,0.1,0.1,0.5,Luka Garza,
28,ALL,6.5,2.3,0.6,0.1,0.1,0.5,Luka Garza,MIN
3,Home,14.3,5,2.3,1,0,1,Luka Samanic,
4,Road,6.5,3.8,2,0.8,0.5,1.8,Luka Samanic,
7,ALL,9.9,4.3,2.1,0.9,0.3,1.4,Luka Samanic,UTA
26,Home,11.3,2.8,1.5,0.5,0.1,0.7,Luke Kennard,
59,ALL,9.3,2.7,1.5,0.5,0.1,0.8,Luke Kennard,TOT
33,Road,7.6,2.6,1.6,0.6,0.1,0.8,Luke Kennard,
69,ALL,3.8,2.9,0.8,0.2,0.7,0.4,Luke Kornet,BOS
33,Road,4.2,2.9,0.6,0.1,0.6,0.3,Luke Kornet,
36,Home,3.4,2.8,0.9,0.2,0.7,0.4,Luke Kornet,
2,ALL,12.5,5,4.5,0,0,1.5,Mac McClung,PHI
30,Home,4.3,1.6,1.2,0.3,0.1,0.6,Malachi Flynn,
53,ALL,4.6,1.4,1.3,0.4,0.1,0.5,Malachi Flynn,TOR
23,Road,5,1.2,1.4,0.5,0.1,0.3,Malachi Flynn,
34,Road,10.9,2.9,1.9,0.5,0.1,1.4,Malaki Branham,
32,Home,9.5,2.5,1.9,0.5,0.1,0.9,Malaki Branham,
66,ALL,10.2,2.7,1.9,0.5,0.1,1.2,Malaki Branham,SAS
67,ALL,14.9,4.2,3.7,0.7,0.3,1.5,Malcolm Brogdon,BOS
32,Home,14.3,4.2,3.6,0.7,0.3,1.8,Malcolm Brogdon,
35,Road,15.5,4.2,3.8,0.6,0.2,1.2,Malcolm Brogdon,
5,ALL,1,0.6,0,0,0,0,Malcolm Hill,CHI
81,ALL,12.7,3.5,1.5,0.8,0.1,1.1,Malik Beasley,TOT
43,Home,13.6,3.7,1.5,0.8,0.1,1.2,Malik Beasley,
38,Road,11.6,3.2,1.5,0.8,0.1,1,Malik Beasley,
40,Road,15,2.9,3.8,0.8,0.2,2.1,Malik Monk,
37,Home,11.9,2.4,4,0.5,0.4,1.7,Malik Monk,
77,ALL,13.5,2.6,3.9,0.6,0.3,1.9,Malik Monk,SAC
22,ALL,2.6,1.4,0.4,0.2,0.4,0.5,Mamadi Diakite,CLE
25,Home,4.2,2.1,0.5,0.4,0.2,0.9,MarJon Beauchamp,
52,ALL,5.1,2.2,0.7,0.4,0.1,0.9,MarJon Beauchamp,MIL
27,Road,6,2.3,0.8,0.4,0.1,0.8,MarJon Beauchamp,
65,ALL,11.2,4,1.8,0.6,0.3,0.9,Marcus Morris Sr.,LAC
29,Road,11.7,4,1.9,0.7,0.4,0.5,Marcus Morris Sr.,
36,Home,10.8,4,1.6,0.6,0.3,1.1,Marcus Morris Sr.,
61,ALL,11.5,3.1,6.3,1.5,0.4,2.3,Marcus Smart,BOS
28,Home,11.6,3.1,6.5,1.7,0.3,2.2,Marcus Smart,
33,Road,11.4,3.2,6.1,1.4,0.5,2.5,Marcus Smart,
23,Road,8,5.6,0.4,0.6,1,0.6,Mark Williams,
20,Home,10.2,8.8,0.4,0.7,1,1.3,Mark Williams,
43,ALL,9,7.1,0.4,0.7,1,0.9,Mark Williams,CHO
31,Road,14.8,4.1,5.7,1.5,0.4,2.2,Markelle Fultz,
60,ALL,14,3.9,5.7,1.5,0.4,2.3,Markelle Fultz,ORL
29,Home,13,3.7,5.6,1.4,0.5,2.4,Markelle Fultz,
20,Home,4.2,1.8,0.6,0.2,0.2,0.4,Markieff Morris,
15,Road,3.2,2.3,1.2,0.4,0.1,0.6,Markieff Morris,
35,ALL,3.8,2,0.9,0.3,0.1,0.5,Markieff Morris,TOT
7,ALL,0.9,0.3,0,0,0,0,Marko Simonovic,CHI
42,ALL,12,6.4,0.9,0.5,0.7,1.1,Marvin Bagley III,DET
24,Road,11.8,6.1,0.7,0.5,0.8,1,Marvin Bagley III,
18,Home,12.2,6.8,1.1,0.4,0.6,1.2,Marvin Bagley III,
41,Road,11.5,8.5,3.4,0.6,0.7,1.5,Mason Plumlee,
38,Home,10.2,9.3,2.8,0.6,0.5,1.5,Mason Plumlee,
79,ALL,10.8,8.9,3.1,0.6,0.6,1.5,Mason Plumlee,TOT
71,ALL,4.1,2,0.7,1.2,0.5,0.3,Matisse Thybulle,TOT
31,Road,3.3,2.1,0.7,1.2,0.4,0.4,Matisse Thybulle,
40,Home,4.8,1.8,0.8,1.1,0.5,0.3,Matisse Thybulle,
34,ALL,3.6,0.8,0.5,0.1,0,0.2,Matt Ryan,TOT
17,Home,3.9,0.7,0.5,0.2,0.1,0.2,Matt Ryan,
17,Road,3.2,0.8,0.5,0.1,0,0.2,Matt Ryan,
32,ALL,1.5,0.4,1.3,0.2,0,0.3,Matthew Dellavedova,SAC
20,Home,3.4,2,0.5,0.2,0.2,0.3,Max Christie,
21,Road,2.9,1.7,0.5,0.2,0.1,0.3,Max Christie,
41,ALL,3.1,1.8,0.5,0.2,0.2,0.3,Max Christie,LAL
80,ALL,11.5,3.2,2.1,0.5,0.2,0.9,Max Strus,MIA
39,Home,11.5,3.3,2.1,0.5,0.2,0.7,Max Strus,
41,Road,11.6,3.2,2.1,0.6,0.1,1,Max Strus,
37,ALL,5.9,3.6,1.4,0.3,0.8,0.7,Maxi Kleber,DAL
19,Home,4.7,3.5,1.1,0.4,0.8,0.6,Maxi Kleber,
18,Road,7.3,3.8,1.7,0.3,0.8,0.9,Maxi Kleber,
27,ALL,4.2,1.7,2.1,0.3,0.2,0.7,McKinley Wright IV,DAL
9,ALL,4.8,3.8,0.1,0.2,0,0.7,Meyers Leonard,MIL
4,ALL,1.5,2.5,0,0.5,0,0.3,Mfiondu Kabengele,BOS
4,Home,4.2,3.2,0.5,0.2,0,0.2,Micah Potter,
3,Road,2.3,1,0.7,0,0,0.3,Micah Potter,
7,ALL,3.4,2.3,0.6,0.1,0,0.3,Micah Potter,UTA
4,ALL,4.3,1.3,1.8,0.3,0.3,1,Michael Carter-Williams,ORL
1,ALL,0,0,0,0,0,0,Michael Foster Jr.,PHI
62,ALL,17.4,5.5,1,0.6,0.5,1.1,Michael Porter Jr.,DEN
31,Road,17.6,5.1,1.3,0.6,0.5,1.3,Michael Porter Jr.,
31,Home,17.3,5.9,0.8,0.6,0.4,0.9,Michael Porter Jr.,
42,Home,20.3,4.3,3.1,1.1,0.5,1.6,Mikal Bridges,
41,Road,20,4.5,3.4,1,1,1.5,Mikal Bridges,
83,ALL,20.1,4.4,3.3,1.1,0.7,1.5,Mikal Bridges,TOT
67,ALL,11.9,2.7,6.7,1.1,0.2,1.5,Mike Conley,TOT
30,Home,12.2,2.5,6.8,1,0.2,1.6,Mike Conley,
37,Road,11.7,2.9,6.6,1.1,0.2,1.5,Mike Conley,
29,Road,5.5,3,0.8,0.3,0.3,0.3,Mike Muscala,
63,ALL,6.1,3.2,0.8,0.2,0.4,0.4,Mike Muscala,TOT
34,Home,6.6,3.4,0.8,0.1,0.5,0.4,Mike Muscala,
30,Home,3,0.8,1.1,0.4,0.1,0.4,Miles McBride,
64,ALL,3.5,0.8,1.1,0.6,0.1,0.4,Miles McBride,NYK
34,Road,3.9,0.8,1.1,0.7,0.1,0.4,Miles McBride,
28,Road,6.4,9.6,0.7,1,1.8,0.6,Mitchell Robinson,
31,Home,8.2,9.2,1.1,0.9,1.9,0.8,Mitchell Robinson,
59,ALL,7.4,9.4,0.9,0.9,1.8,0.7,Mitchell Robinson,NYK
23,Road,6.2,4.2,0.8,0.4,0.7,0.7,Mo Bamba,
26,Home,6.9,5,1,0.1,1,0.5,Mo Bamba,
49,ALL,6.6,4.6,0.9,0.3,0.9,0.6,Mo Bamba,TOT
62,ALL,10.3,3.4,5.3,0.7,0.2,1,Monte Morris,WAS
32,Road,10.5,3.4,4.8,0.6,0.2,0.9,Monte Morris,
30,Home,10,3.4,5.7,0.8,0.2,1,Monte Morris,
57,ALL,5.6,2.8,0.6,0.3,0.4,0.6,Montrezl Harrell,PHI
29,Home,11.6,4.7,1.8,0.7,0.2,1.3,Moritz Wagner,
28,Road,9.4,4.4,1.1,0.6,0.2,1.1,Moritz Wagner,
57,ALL,10.5,4.5,1.5,0.6,0.2,1.2,Moritz Wagner,ORL
36,ALL,4.3,3.9,0.1,0.1,0.4,0.4,Moses Brown,TOT
16,Road,5.9,5.1,0,0.2,0.6,0.3,Moses Brown,
20,Home,3,2.9,0.2,0,0.2,0.5,Moses Brown,
63,ALL,4.8,1.7,0.8,0.3,0.1,0.5,Moses Moody,GSW
32,Home,3.6,1.5,0.6,0.2,0.1,0.5,Moses Moody,
31,Road,6,1.8,1,0.4,0.2,0.6,Moses Moody,
1,ALL,,0.2,0.3,0.4,0.4,0.7,Moussa Diabate,22
10,Road,3.3,2.9,0.2,0.4,0.5,0.3,Moussa Diabate,
12,Home,2.2,1.8,0.2,0.2,0.2,0.5,Moussa Diabate,
30,Home,19.9,7.7,1.3,0.7,2.3,1.4,Myles Turner,
62,ALL,18,7.5,1.4,0.6,2.3,1.7,Myles Turner,IND
32,Road,16.1,7.3,1.6,0.5,2.2,1.9,Myles Turner,
77,ALL,9.1,3.6,2.5,0.7,0.2,1.3,Naji Marshall,NOP
39,Road,9.7,3.4,2.3,0.7,0.2,1.1,Naji Marshall,
38,Home,8.4,3.8,2.6,0.7,0.2,1.4,Naji Marshall,
30,Home,7.1,2.6,0.9,0.3,0.4,0.8,Nassir Little,
24,Road,6,2.6,1,0.4,0.3,0.5,Nassir Little,
54,ALL,6.6,2.6,0.9,0.4,0.4,0.7,Nassir Little,POR
1,Home,17,4,3,0,0,1,Nate Williams,
4,Road,9,2.8,1.8,0.8,0.5,0.8,Nate Williams,
21,Road,2.5,1.2,0.3,0.1,0.2,0.5,Nathan Knight,
38,ALL,3.7,1.5,0.3,0.3,0.2,0.6,Nathan Knight,MIN
17,Home,5.1,1.8,0.4,0.5,0.1,0.6,Nathan Knight,
68,ALL,11.5,4.9,1.1,0.6,0.8,1.4,Naz Reid,MIN
33,Home,10.1,5.1,1.1,0.6,0.9,1.4,Naz Reid,
35,Road,12.8,4.7,1.2,0.6,0.7,1.3,Naz Reid,
3,Home,4,2.7,0,0,0.3,0.3,Neemias Queta,
2,Road,0,1.5,0.5,0,0.5,0,Neemias Queta,
5,ALL,2.4,2.2,0.2,0,0.4,0.2,Neemias Queta,SAC
17,ALL,2.1,2.7,0.6,0.9,0.6,0.8,Nerlens Noel,TOT
37,Home,12.7,9.9,2.1,0.9,2.2,1.4,Nic Claxton,
39,Road,12.6,8.6,1.7,0.8,2.7,1.2,Nic Claxton,
76,ALL,12.6,9.2,1.9,0.9,2.5,1.3,Nic Claxton,BRK
32,Road,8.9,6.2,0.5,0.2,0.9,0.9,Nick Richards,
65,ALL,8.2,6.4,0.6,0.2,1.1,0.9,Nick Richards,CHO
33,Home,7.5,6.6,0.7,0.1,1.2,0.9,Nick Richards,
31,Road,6.6,1.5,1.9,0.5,0.4,0.9,Nickeil Alexander-Walker,
28,Home,5.7,2,1.8,0.5,0.4,1,Nickeil Alexander-Walker,
59,ALL,6.2,1.7,1.8,0.5,0.4,0.9,Nickeil Alexander-Walker,TOT
38,Road,6.6,3.9,1.6,0.6,0.7,0.6,Nicolas Batum,
78,ALL,6.1,3.8,1.6,0.7,0.6,0.6,Nicolas Batum,LAC
40,Home,5.7,3.8,1.6,0.8,0.4,0.7,Nicolas Batum,
69,ALL,24.5,11.8,9.8,1.3,0.7,3.6,Nikola Jokic,DEN
35,Home,24.8,13.1,11.1,1.3,0.7,3.4,Nikola Jokic,
34,Road,24.2,10.6,8.5,1.2,0.6,3.8,Nikola Jokic,
15,ALL,5.5,2.1,0.7,0.5,0.1,0.7,Nikola Jovic,MIA
8,Road,6.4,2.6,1.2,0.8,0,0.8,Nikola Jovic,
7,Home,4.4,1.4,0,0.1,0.3,0.6,Nikola Jovic,
82,ALL,17.6,11,3.2,0.7,0.7,1.7,Nikola Vucevic,CHI
41,Home,17,11.3,3.4,0.8,0.9,1.6,Nikola Vucevic,
41,Road,18.3,10.7,3,0.7,0.5,1.8,Nikola Vucevic,
23,ALL,1.1,2.1,0.3,0.1,0.3,0.5,Noah Vonleh,BOS
60,ALL,17,2.9,1.8,0.8,0.3,1.7,Norman Powell,LAC
27,Home,17.6,2.4,1.8,1,0.4,1.3,Norman Powell,
33,Road,16.5,3.3,1.8,0.7,0.2,2,Norman Powell,
35,Road,15.3,4.6,1.8,1.8,0.8,1.9,OG Anunoby,
67,ALL,16.8,5,2,1.9,0.7,2,OG Anunoby,TOR
32,Home,18.4,5.3,2.2,2,0.7,2.1,OG Anunoby,
33,Road,7.3,2.8,1.1,0.3,0.1,0.6,Obi Toppin,
34,Home,7.5,2.7,0.9,0.4,0.3,0.5,Obi Toppin,
67,ALL,7.4,2.8,1,0.3,0.2,0.6,Obi Toppin,NYK
26,Road,9.2,1.8,1.3,0.3,0.3,0.7,Ochai Agbaji,
33,Home,6.9,2.2,1,0.3,0.2,0.7,Ochai Agbaji,
59,ALL,7.9,2.1,1.1,0.3,0.3,0.7,Ochai Agbaji,UTA
3,Home,8,6,0.3,0.3,0,0.3,Olivier Sarr,
6,Road,2,2.2,0.5,0,0.8,0.5,Olivier Sarr,
9,ALL,4,3.4,0.4,0.1,0.6,0.4,Olivier Sarr,OKC
5,Road,3.2,2.2,0.4,0.2,0,0.6,Omer Yurtseven,
4,Home,6,3,0,0.2,0.5,0.2,Omer Yurtseven,
9,ALL,4.4,2.6,0.2,0.2,0.2,0.4,Omer Yurtseven,MIA
41,Home,9.9,7.1,1,0.7,1.3,0.9,Onyeka Okongwu,
80,ALL,9.9,7.2,1,0.7,1.3,1,Onyeka Okongwu,ATL
39,Road,9.9,7.3,1,0.7,1.3,1.2,Onyeka Okongwu,
15,Home,3.3,4.6,0.9,0.2,0.4,0.5,Orlando Robinson,
31,ALL,3.7,4.1,0.8,0.4,0.4,0.5,Orlando Robinson,MIA
16,Road,4.2,3.6,0.8,0.6,0.4,0.6,Orlando Robinson,
33,Road,5.7,3.4,0.8,0.5,0.3,0.5,Oshae Brissett,
32,Home,6.6,3.3,0.6,0.5,0.1,0.5,Oshae Brissett,
65,ALL,6.1,3.4,0.7,0.5,0.2,0.5,Oshae Brissett,IND
6,Road,4.7,1.7,0.8,1.2,0,0.3,Otto Porter Jr.,
2,Home,8,4.5,1.5,2,0,1,Otto Porter Jr.,
8,ALL,5.5,2.4,1,1.4,0,0.5,Otto Porter Jr.,TOR
19,Home,5.5,3.1,1.4,0.3,0.2,0.8,Ousmane Dieng,
39,ALL,4.9,2.7,1.2,0.4,0.2,0.7,Ousmane Dieng,OKC
20,Road,4.4,2.4,1,0.4,0.2,0.6,Ousmane Dieng,
75,ALL,3.5,3.9,0.8,0.5,0.2,0.6,P.J. Tucker,PHI
40,Home,3.3,4.5,0.9,0.6,0.2,0.6,P.J. Tucker,
35,Road,3.8,3.3,0.7,0.4,0.2,0.6,P.J. Tucker,
73,ALL,15.7,4.9,2.4,0.9,1.1,1.5,P.J. Washington,CHO
33,Home,16.9,4.8,2.6,0.8,1.2,1.4,P.J. Washington,
40,Road,14.7,5,2.2,1,1,1.6,P.J. Washington,
16,ALL,1.4,0.9,0.6,0.4,0.1,0.3,PJ Dozier,SAC
72,ALL,20,6.9,3.7,0.8,0.5,2.8,Paolo Banchero,ORL
36,Home,19.5,7.3,3.9,0.7,0.4,2.7,Paolo Banchero,
36,Road,20.4,6.5,3.6,1,0.7,2.9,Paolo Banchero,
35,Home,25.1,7.9,5.9,0.7,0.4,2.4,Pascal Siakam,
36,Road,23.4,7.7,5.8,1.1,0.6,2.4,Pascal Siakam,
71,ALL,24.2,7.8,5.8,0.9,0.5,2.4,Pascal Siakam,TOR
28,Home,7.1,4.4,1.2,0.7,0.2,0.5,Pat Connaughton,
61,ALL,7.6,4.6,1.3,0.6,0.2,0.5,Pat Connaughton,MIL
33,Road,8.1,4.8,1.3,0.5,0.2,0.5,Pat Connaughton,
31,ALL,3.9,1.3,0.4,0.2,0.1,0.4,Patrick Baldwin Jr.,GSW
18,Road,3.8,0.9,0.3,0.2,0.1,0.3,Patrick Baldwin Jr.,
13,Home,4.2,1.8,0.5,0.2,0.2,0.5,Patrick Baldwin Jr.,
67,ALL,6.2,3.7,2.9,0.9,0.6,0.9,Patrick Beverley,TOT
33,Home,5.5,3.4,2.5,0.7,0.5,1,Patrick Beverley,
34,Road,6.8,4,3.2,1.2,0.7,0.8,Patrick Beverley,
82,ALL,10.2,4,1.2,0.9,0.9,1.2,Patrick Williams,CHI
41,Road,9.7,4.1,1.2,0.9,0.9,1.3,Patrick Williams,
41,Home,10.6,3.9,1.3,0.9,0.8,1.1,Patrick Williams,
20,Home,6.9,1,1.2,0.4,0,0.8,Patty Mills,
40,ALL,6.2,1.1,1.4,0.4,0.1,0.8,Patty Mills,BRK
20,Road,5.4,1.2,1.6,0.3,0.1,0.6,Patty Mills,
26,Home,24,6.1,4.9,1.5,0.5,3,Paul George,
30,Road,23.6,6.1,5.3,1.5,0.3,3.2,Paul George,
56,ALL,23.8,6.1,5.1,1.5,0.4,3.1,Paul George,LAC
35,Home,2.8,3,0.3,0.7,0.6,0.6,Paul Reed,
69,ALL,4.2,3.8,0.4,0.7,0.7,0.7,Paul Reed,PHI
34,Road,5.6,4.6,0.5,0.6,0.9,0.7,Paul Reed,
25,Home,5.6,2.1,1.5,0.2,0,0.9,Payton Pritchard,
23,Road,5.7,1.6,1.2,0.4,0,0.7,Payton Pritchard,
48,ALL,5.6,1.8,1.3,0.3,0,0.8,Payton Pritchard,BOS
23,ALL,3.3,1.6,0.5,0.1,0.5,0.3,Peyton Watson,DEN
13,Road,2.7,1.8,0.8,0.1,0.5,0.3,Peyton Watson,
10,Home,4,1.3,0,0.1,0.5,0.4,Peyton Watson,
25,Home,8.1,5.4,1,0.6,0.5,1.2,Precious Achiuwa,
30,Road,10.2,6.4,0.9,0.5,0.6,0.9,Precious Achiuwa,
55,ALL,9.2,6,0.9,0.6,0.5,1.1,Precious Achiuwa,TOR
71,ALL,11.3,3.2,2.1,0.7,0.4,1,Quentin Grimes,NYK
35,Road,11.5,3.2,1.9,0.7,0.4,1.1,Quentin Grimes,
36,Home,11,3.3,2.3,0.6,0.3,0.9,Quentin Grimes,
9,ALL,6.2,0.9,1.7,0.4,0.1,0.4,Quenton Jackson,WAS
27,Home,6.6,1.8,1,0.6,0.2,0.8,R.J. Hampton,
47,ALL,6.4,1.9,1.1,0.6,0.2,0.9,R.J. Hampton,TOT
20,Road,6.2,1.9,1.4,0.6,0.2,1,R.J. Hampton,
37,Road,19.1,4.8,2.5,0.4,0.2,1.9,RJ Barrett,
36,Home,20.1,5.3,3,0.4,0.2,2.6,RJ Barrett,
73,ALL,19.6,5,2.8,0.4,0.2,2.2,RJ Barrett,NYK
1,ALL,16,9,7,0,1,4,RaiQuan Gray,BRK
48,ALL,3.3,1,1.6,0.4,0.1,0.5,Raul Neto,CLE
78,ALL,7.2,3.6,1.4,0.7,0.2,0.5,Reggie Bullock Jr.,DAL
39,Road,7.9,4.1,1.6,0.8,0.2,0.5,Reggie Bullock Jr.,
39,Home,6.5,3.1,1.2,0.6,0.2,0.4,Reggie Bullock Jr.,
29,Home,9,2.1,3.2,0.8,0.1,1.8,Reggie Jackson,
68,ALL,10.2,2.1,3.4,0.7,0.1,1.7,Reggie Jackson,TOT
39,Road,11.1,2.1,3.6,0.6,0.1,1.6,Reggie Jackson,
20,Road,3,1.8,0.2,0,0.2,0.4,Richaun Holmes,
22,Home,3.1,2,0.3,0.1,0.4,0.2,Richaun Holmes,
42,ALL,3.1,1.9,0.2,0.1,0.3,0.3,Richaun Holmes,SAC
33,ALL,5.2,2.1,3.5,0.8,0.2,0.9,Ricky Rubio,CLE
17,Road,5.9,2,3.6,0.5,0.1,0.9,Ricky Rubio,
16,Home,4.4,2.2,3.4,1.1,0.2,1,Ricky Rubio,
26,Road,6.4,3.7,1.2,0.7,0.8,0.6,Robert Covington,
22,Home,5.5,3.2,1.2,0.9,0.6,0.7,Robert Covington,
48,ALL,6,3.5,1.2,0.8,0.7,0.7,Robert Covington,LAC
35,ALL,8,8.3,1.4,0.6,1.4,1,Robert Williams III,BOS
16,Road,7.4,7.4,1.3,0.6,1.4,0.8,Robert Williams III,
19,Home,8.5,9.1,1.5,0.6,1.4,1.2,Robert Williams III,
37,ALL,3,1.4,0.5,0.1,0.2,0.7,Robin Lopez,CLE
19,Road,3.1,1.3,0.5,0.1,0.3,0.5,Robin Lopez,
18,Home,2.9,1.4,0.5,0.1,0.2,0.8,Robin Lopez,
32,ALL,5.7,2.3,0.9,0.5,0,0.3,Rodney McGruder,DET
43,ALL,6.9,2.7,1.2,0.6,0.3,0.7,Romeo Langford,SAS
9,ALL,2.2,0.8,0.4,0,0.1,0,Ron Harper Jr.,TOR
5,Road,0.8,0.4,0.6,0,0.2,0,Ron Harper Jr.,
4,Home,4,1.2,0.2,0,0,0,Ron Harper Jr.,
37,Road,9.1,4.9,3.7,0.8,0.6,1.6,Royce O'Neale,
76,ALL,8.8,5.1,3.7,0.9,0.6,1.5,Royce O'Neale,BRK
39,Home,8.6,5.2,3.7,0.9,0.7,1.4,Royce O'Neale,
56,ALL,5.2,2.9,1,0.3,0.3,0.7,Rudy Gay,UTA
34,Home,12.6,11.1,0.9,1,1.3,1.6,Rudy Gobert,
36,Road,14.1,12.1,1.6,0.6,1.4,1.9,Rudy Gobert,
70,ALL,13.4,11.6,1.2,0.8,1.4,1.7,Rudy Gobert,MIN
33,Home,11.4,3.9,0.8,0.3,0.3,0.7,Rui Hachimura,
30,Road,11.1,5.1,1.1,0.3,0.5,1,Rui Hachimura,
63,ALL,11.2,4.5,0.9,0.3,0.4,0.8,Rui Hachimura,TOT
39,Home,16.3,5.8,7.3,1.2,0.4,3.4,Russell Westbrook,
34,Road,15.4,5.8,7.8,0.9,0.5,3.6,Russell Westbrook,
73,ALL,15.9,5.8,7.5,1,0.5,3.5,Russell Westbrook,TOT
9,Home,1,0.4,1.3,0.2,0,0.4,Ryan Arcidiacono,
11,Road,1.5,1,1,0.3,0,0.3,Ryan Arcidiacono,
20,ALL,1.3,0.8,1.2,0.3,0,0.4,Ryan Arcidiacono,TOT
7,Road,2.3,0.9,0.4,0.1,0.1,2,Ryan Rollins,
5,Home,1.4,1.2,0.6,0,0,0.4,Ryan Rollins,
12,ALL,1.9,1,0.5,0.1,0.1,1.3,Ryan Rollins,GSW
13,Road,5.7,1.8,2.5,0.8,0,1,Saben Lee,
12,Home,6.4,1.8,2.9,0.7,0.1,0.9,Saben Lee,
25,ALL,6,1.8,2.7,0.8,0,1,Saben Lee,TOT
77,ALL,13.8,4.7,1.5,0.9,0.2,0.9,Saddiq Bey,TOT
43,Home,14.2,5.1,1.6,0.9,0.1,0.9,Saddiq Bey,
34,Road,13.3,4.2,1.4,1,0.2,1,Saddiq Bey,
40,Road,5.4,2.2,0.7,0.3,0.2,0.3,Sam Hauser,
40,Home,7.4,2.9,1.1,0.4,0.3,0.5,Sam Hauser,
80,ALL,6.4,2.6,0.9,0.4,0.3,0.4,Sam Hauser,BOS
5,ALL,5,1.8,1,0.8,0,0,Sam Merrill,CLE
2,Road,3,2,1.5,0.5,0,0,Sam Merrill,
3,Home,6.3,1.7,0.7,1,0,0,Sam Merrill,
22,Road,7,4.5,1.3,0.5,0.4,1,Sandro Mamukelashvili,
21,Home,5.2,4.1,1.6,0.2,0.2,0.7,Sandro Mamukelashvili,
43,ALL,6.1,4.3,1.4,0.3,0.3,0.8,Sandro Mamukelashvili,TOT
38,Home,10.9,5.3,1.2,0.8,0.6,0.8,Santi Aldama,
77,ALL,9,4.8,1.3,0.6,0.6,0.8,Santi Aldama,MEM
39,Road,7.2,4.4,1.3,0.4,0.7,0.8,Santi Aldama,
37,Home,16.2,7,5.1,1.2,0.9,1.8,Scottie Barnes,
77,ALL,15.3,6.6,4.8,1.1,0.8,2,Scottie Barnes,TOR
40,Road,14.5,6.3,4.5,1,0.7,2.2,Scottie Barnes,
6,ALL,2.3,0.7,0.3,0.3,0.2,0.3,Scotty Pippen Jr.,LAL
16,ALL,4.1,2.8,0.3,0.1,0.4,0.7,Serge Ibaka,MIL
31,Road,9.8,1.7,1.6,0.6,0.2,0.9,Seth Curry,
61,ALL,9.2,1.6,1.6,0.6,0.1,0.8,Seth Curry,BRK
30,Home,8.6,1.6,1.6,0.6,0.1,0.7,Seth Curry,
41,Home,10.3,3.1,1.2,0.5,0.4,1.1,Shaedon Sharpe,
39,Road,9.4,2.8,1.2,0.4,0.2,0.9,Shaedon Sharpe,
80,ALL,9.9,3,1.2,0.5,0.3,1,Shaedon Sharpe,POR
68,ALL,31.4,4.8,5.5,1.6,1,2.8,Shai Gilgeous-Alexander,OKC
30,Home,31.9,5.2,5.8,1.6,1.1,2.9,Shai Gilgeous-Alexander,
38,Road,31,4.6,5.2,1.7,0.8,2.8,Shai Gilgeous-Alexander,
76,ALL,8.4,2.5,3.2,0.3,0.2,1.2,Shake Milton,PHI
37,Home,7.2,2.2,2.7,0.1,0.1,1.1,Shake Milton,
39,Road,9.5,2.8,3.6,0.5,0.2,1.4,Shake Milton,
5,ALL,8.8,4.4,6,2.2,0.4,1.2,Shaquille Harrison,POR
26,Home,6.6,1.4,0.8,0.2,0.2,0.9,Simone Fontecchio,
52,ALL,6.3,1.7,0.8,0.3,0.2,0.8,Simone Fontecchio,UTA
26,Road,6,1.9,0.8,0.4,0.1,0.6,Simone Fontecchio,
6,ALL,15.3,3.2,8.3,1,0.2,1.7,Skylar Mays,POR
4,Road,14.2,3.2,8,0.5,0.2,1.5,Skylar Mays,
2,Home,17.5,3,9,2,0,2,Skylar Mays,
37,Road,18.4,3.2,6.6,0.7,0.4,1.8,Spencer Dinwiddie,
42,Home,16.4,3.6,6.5,1,0.3,1.9,Spencer Dinwiddie,
79,ALL,17.3,3.4,6.5,0.8,0.3,1.8,Spencer Dinwiddie,TOT
30,ALL,5.8,3.2,2.2,0.5,0.2,1.1,Stanley Johnson,SAS
1,Road,2,0,0,1,1,0,Stanley Umude,
1,ALL,2,0,0,1,1,0,Stanley Umude,DET
30,Road,29.5,6.5,6.3,0.8,0.5,3.5,Stephen Curry,
56,ALL,29.4,6.1,6.3,0.9,0.4,3.2,Stephen Curry,GSW
26,Home,29.3,5.6,6.3,1,0.2,2.9,Stephen Curry,
4,ALL,0,2,0.5,0.8,0,0,Sterling Brown,LAL
42,ALL,8.6,11.5,2.3,0.9,1.1,1.9,Steven Adams,MEM
20,Home,8.8,12.2,2.5,0.8,1.2,1.5,Steven Adams,
22,Road,8.5,11,2.1,0.9,1,2.2,Steven Adams,
32,ALL,6.9,1.7,1.7,0.5,0.1,0.8,Svi Mykhailiuk,TOT
15,Road,5.1,1.6,1.3,0.5,0.1,0.6,Svi Mykhailiuk,
17,Home,8.6,1.7,1.9,0.5,0.1,0.9,Svi Mykhailiuk,
40,Home,8.6,3.4,5.4,1.2,0.1,1.9,T.J. McConnell,
75,ALL,8.7,3.1,5.3,1.1,0.1,1.9,T.J. McConnell,IND
35,Road,8.8,2.8,5.2,1,0.2,1.9,T.J. McConnell,
42,ALL,7.5,2.9,1,0.5,0.3,0.5,T.J. Warren,TOT
49,ALL,3.4,1.9,0.7,0.3,0.2,0.5,Taj Gibson,WAS
29,Home,9,3.2,3.6,0.8,0.4,2,Talen Horton-Tucker,
65,ALL,10.7,3.2,3.8,0.6,0.4,1.9,Talen Horton-Tucker,UTA
36,Road,12.1,3.2,3.9,0.5,0.5,1.9,Talen Horton-Tucker,
82,ALL,9.3,6,1.1,1.2,0.6,1.2,Tari Eason,HOU
41,Road,9.4,5.6,1.3,1.1,0.4,1,Tari Eason,
41,Home,9.1,6.5,0.8,1.2,0.7,1.4,Tari Eason,
29,Home,8.3,2.7,1.1,0.6,0.3,1.3,Taurean Prince,
25,Road,10.1,2.1,2,0.4,0.3,1.2,Taurean Prince,
54,ALL,9.1,2.4,1.6,0.5,0.3,1.3,Taurean Prince,MIN
40,Road,7.3,3,1.9,0.6,0.4,1,Terance Mann,
41,Home,10.3,3.9,2.6,0.4,0.2,1,Terance Mann,
81,ALL,8.8,3.4,2.3,0.5,0.3,1,Terance Mann,LAC
64,ALL,6.7,2.2,1,0.7,0.2,0.8,Terence Davis,SAC
63,ALL,8.3,2.4,1.5,0.6,0.2,0.7,Terrence Ross,TOT
63,ALL,21.1,4.1,5.1,1.2,0.3,2.1,Terry Rozier,CHO
30,Road,21.1,4.5,4.5,1.3,0.2,1.8,Terry Rozier,
33,Home,21.1,3.8,5.6,1.1,0.3,2.4,Terry Rozier,
31,ALL,2.9,1.5,0.3,0.1,0.2,0.3,Terry Taylor,TOT
17,Home,3.1,1.6,0.5,0.1,0.2,0.2,Terry Taylor,
14,Road,2.6,1.4,0.1,0.1,0.1,0.4,Terry Taylor,
54,ALL,4.4,3.1,1.4,1,0.1,0.8,Thaddeus Young,TOR
29,Road,4,2.3,1.2,1,0.1,0.6,Thaddeus Young,
25,Home,5,4,1.6,1,0.1,1,Thaddeus Young,
19,Road,1.6,1.2,0.4,0.2,0.1,0.3,Thanasis Antetokounmpo,
37,ALL,1.4,1.2,0.4,0.1,0.1,0.3,Thanasis Antetokounmpo,MIL
18,Home,1.2,1.2,0.4,0,0.1,0.4,Thanasis Antetokounmpo,
21,Home,6.5,3,3.8,0.9,0.3,1.3,Theo Maledon,
23,Road,6.9,2.6,3.1,0.8,0.2,1.4,Theo Maledon,
40,ALL,2.4,1.6,1.2,0.2,0,0.3,Theo Pinson,DAL
26,Home,9.4,5.7,0.5,0.2,0.5,0.6,Thomas Bryant,
33,Road,10.2,5.8,0.5,0.3,0.5,0.7,Thomas Bryant,
59,ALL,9.8,5.7,0.5,0.3,0.5,0.6,Thomas Bryant,TOT
44,ALL,6.7,2.8,3.5,0.8,0.3,1.3,Theo Maledon,CHO
71,ALL,14.4,3.5,1.8,0.7,0.2,0.8,Tim Hardaway Jr.,DAL
35,Home,13.7,3.2,1.9,0.7,0.1,0.8,Tim Hardaway Jr.,
36,Road,14.9,3.8,1.8,0.7,0.2,0.9,Tim Hardaway Jr.,
37,Home,15.1,6,2.2,0.7,0.5,1.3,Tobias Harris,
37,Road,14.2,5.5,2.8,1.1,0.6,1.1,Tobias Harris,
74,ALL,14.7,5.7,2.5,0.9,0.5,1.2,Tobias Harris,PHI
12,ALL,1.6,0.9,0.1,0.1,0.1,0.1,Tony Bradley,CHI
39,Road,8,5.6,1.4,0.6,0.9,1,Torrey Craig,
40,Home,6.9,5.2,1.5,0.6,0.7,0.8,Torrey Craig,
79,ALL,7.4,5.4,1.5,0.6,0.8,0.9,Torrey Craig,PHO
37,Home,27.5,3.4,10.7,1.1,0.1,4.1,Trae Young,
36,Road,24.9,2.5,9.6,1.1,0.1,4.1,Trae Young,
73,ALL,26.2,3,10.2,1.1,0.1,4.1,Trae Young,ATL
68,ALL,12.9,3.6,6.6,1.3,0.1,1.6,Tre Jones,SAS
38,Home,13.3,3.6,6.8,1.1,0.2,1.6,Tre Jones,
30,Road,12.3,3.6,6.4,1.6,0.1,1.7,Tre Jones,
67,ALL,7.7,2.3,1.8,0.6,0.2,0.9,Tre Mann,OKC
34,Home,8.4,2.7,2.3,0.8,0.2,1.1,Tre Mann,
33,Road,7.1,1.9,1.3,0.4,0.2,0.8,Tre Mann,
62,ALL,7.4,3.8,2.1,0.5,0.2,1.1,Trendon Watford,POR
34,Road,8.9,4.4,2.2,0.6,0.2,1.1,Trendon Watford,
28,Home,5.6,3.1,2,0.5,0.2,1.1,Trendon Watford,
23,ALL,2.3,1.6,1.7,0.3,0.1,0.7,Trent Forrest,ATL
8,Home,1.4,0.8,1.4,0,0.2,0.2,Trent Forrest,
15,Road,2.7,2.1,1.8,0.5,0,0.9,Trent Forrest,
7,ALL,3,2.4,0.9,0.3,0.7,1,Trevelin Queen,IND
5,Road,3.2,2.8,0.8,0.4,0.8,1.4,Trevelin Queen,
2,Home,2.5,1.5,1,0,0.5,0,Trevelin Queen,
5,ALL,1.8,0,0.6,0,0,0.2,Trevor Hudgins,HOU
3,ALL,1,0.7,0,0,0,0,Trevor Keels,NYK
74,ALL,7.6,4.1,0.9,0.4,0.4,0.9,Trey Lyles,SAC
38,Road,6.3,3.4,0.8,0.3,0.3,0.9,Trey Lyles,
36,Home,9,4.7,1,0.4,0.6,0.8,Trey Lyles,
39,Home,15.9,3.7,1.4,1.1,0.6,0.7,Trey Murphy III,
40,Road,13.2,3.4,1.4,1.2,0.5,0.8,Trey Murphy III,
79,ALL,14.5,3.6,1.4,1.1,0.5,0.8,Trey Murphy III,NOP
38,Road,7.1,3.7,1.3,0.7,0.2,0.8,Troy Brown Jr.,
76,ALL,7.1,4.1,1.3,0.8,0.2,0.6,Troy Brown Jr.,LAL
38,Home,7.1,4.4,1.2,0.8,0.3,0.5,Troy Brown Jr.,
45,ALL,6.9,1.7,3,0.5,0.1,0.7,Ty Jerome,GSW
21,Road,8.4,1.8,3.3,0.5,0.2,0.8,Ty Jerome,
24,Home,5.5,1.7,2.8,0.5,0,0.6,Ty Jerome,
31,ALL,4.7,1.5,1.5,0.5,0.1,0.5,TyTy Washington Jr.,HOU
16,Home,3.2,1.1,1.2,0.2,0.1,0.4,TyTy Washington Jr.,
15,Road,6.2,1.8,1.8,0.7,0.1,0.5,TyTy Washington Jr.,
3,ALL,3,0.7,0,0,0,0,Tyler Dorsey,DAL
34,Road,20.9,5.4,4,0.7,0.2,2.4,Tyler Herro,
33,Home,19.3,5.4,4.4,0.8,0.3,2.3,Tyler Herro,
67,ALL,20.1,5.4,4.2,0.8,0.2,2.4,Tyler Herro,MIA
25,Road,20.4,4,9.7,1.5,0.4,2.6,Tyrese Haliburton,
31,Home,21,3.4,11,1.7,0.5,2.4,Tyrese Haliburton,
56,ALL,20.7,3.7,10.4,1.6,0.4,2.5,Tyrese Haliburton,IND
16,ALL,1.3,0.8,0.1,0.1,0,0.1,Tyrese Martin,ATL
30,Home,17.8,2.5,3.9,0.8,0.2,1.4,Tyrese Maxey,
60,ALL,20.3,2.9,3.5,0.8,0.1,1.3,Tyrese Maxey,PHI
30,Road,22.8,3.3,3.1,0.8,0.1,1.2,Tyrese Maxey,
40,Road,10,2.4,4.8,1,0.1,1,Tyus Jones,
80,ALL,10.3,2.5,5.2,1,0.1,0.9,Tyus Jones,MEM
40,Home,10.6,2.6,5.6,1.1,0.1,0.9,Tyus Jones,
15,Road,3.5,3.2,0.4,0.2,0.3,0.7,Udoka Azubuike,
21,Home,3.5,3.4,0.2,0.1,0.5,0.4,Udoka Azubuike,
36,ALL,3.5,3.3,0.3,0.2,0.4,0.5,Udoka Azubuike,UTA
7,ALL,3.9,1.6,0,0.1,0.3,0.1,Udonis Haslem,MIA
40,Road,3.3,4.3,1,0.6,0.4,0.6,Usman Garuba,
75,ALL,3,4.1,0.9,0.6,0.4,0.6,Usman Garuba,HOU
35,Home,2.7,3.8,0.7,0.5,0.3,0.6,Usman Garuba,
11,ALL,0.5,1,0.3,0.2,0.2,0.2,Vernon Carey Jr.,WAS
22,Home,10.5,2.8,3.3,1.2,0.3,2.1,Victor Oladipo,
20,Road,10.9,3.3,3.6,1.5,0.2,2,Victor Oladipo,
42,ALL,10.7,3,3.5,1.4,0.3,2.1,Victor Oladipo,MIA
10,Road,2.7,1.3,0.3,0.3,0.1,0.5,Vince Williams Jr.,
5,Home,0.6,0.4,0.2,0.6,0.2,0,Vince Williams Jr.,
15,ALL,2,1,0.3,0.4,0.1,0.3,Vince Williams Jr.,MEM
29,ALL,1.2,0.9,0.6,0.2,0,0.2,Vit Krejci,ATL
60,ALL,5,2.1,1.3,0.4,0.2,0.6,Vlatko Cancar,DEN
29,Home,4.7,2.2,1.3,0.4,0.1,0.6,Vlatko Cancar,
31,Road,5.2,2.1,1.4,0.3,0.4,0.6,Vlatko Cancar,
74,ALL,9.2,8.4,0.9,0.4,2.3,0.8,Walker Kessler,UTA
36,Home,9.4,9.2,0.9,0.6,2.8,0.8,Walker Kessler,
38,Road,9,7.6,0.9,0.2,1.9,0.8,Walker Kessler,
27,Home,15,8.5,2.4,0.6,0.6,2,Wendell Carter Jr.,
30,Road,15.4,8.9,2.3,0.5,0.6,1.8,Wendell Carter Jr.,
57,ALL,15.2,8.7,2.3,0.5,0.6,1.9,Wendell Carter Jr.,ORL
29,ALL,1.4,0.6,0.6,0.3,0.2,0.3,Wendell Moore Jr.,MIN
16,Road,1,0.6,0.8,0.4,0.2,0.3,Wendell Moore Jr.,
13,Home,2,0.6,0.5,0.2,0.2,0.2,Wendell Moore Jr.,
68,ALL,5.5,4.2,0.5,0.4,0.5,0.7,Wenyen Gabriel,LAL
52,ALL,3.4,2.2,0.7,0.4,0.3,0.3,Wesley Matthews,MIL
28,Home,3.4,2.3,0.6,0.4,0.1,0.4,Wesley Matthews,
24,Road,3.5,2,0.7,0.4,0.4,0.2,Wesley Matthews,
56,ALL,6.8,2.4,2,0.5,0.2,0.9,Will Barton,TOT
38,ALL,6.9,4.7,0.9,0.4,0.3,1,Willy Hernang?mez,NOP
10,ALL,3.8,3.8,0.6,0.6,0.4,0.8,Xavier Cooks,WAS
4,ALL,1.8,0.8,1.3,0,0,0.3,Xavier Moon,LAC
4,ALL,4.3,1.3,1.3,0,0.3,0.8,Xavier Sneed,CHO
34,Home,7.2,4.9,1.6,0.9,0.4,0.9,Xavier Tillman Sr.,
27,Road,6.8,5.1,1.6,1.1,0.6,0.6,Xavier Tillman Sr.,
61,ALL,7,5,1.6,1,0.5,0.7,Xavier Tillman Sr.,MEM
58,ALL,5.6,2.4,0.8,0.4,0.3,0.4,Yuta Watanabe,BRK
28,Home,5,2.2,0.9,0.2,0.3,0.4,Yuta Watanabe,
30,Road,6,2.6,0.8,0.6,0.3,0.4,Yuta Watanabe,
63,ALL,11.6,6.4,2.9,0.6,0.8,2,Zach Collins,SAS
34,Home,11.6,6.6,2.9,0.5,1,2.2,Zach Collins,
29,Road,11.7,6.1,2.8,0.7,0.6,1.9,Zach Collins,
41,Home,23.3,4.4,4.3,0.9,0.2,2.6,Zach LaVine,
77,ALL,24.8,4.5,4.2,0.9,0.2,2.5,Zach LaVine,CHI
36,Road,26.6,4.6,4.2,0.9,0.2,2.4,Zach LaVine,
53,ALL,5.2,2.6,0.3,0.3,0.4,0.6,Zeke Nnaji,DEN
29,Home,5.8,2.6,0.4,0.3,0.4,0.6,Zeke Nnaji,
24,Road,4.5,2.6,0.2,0.3,0.4,0.6,Zeke Nnaji,
20,Road,6.4,2.1,1.2,0.4,0.2,1.2,Ziaire Williams,
17,Home,4.8,2.2,0.6,0.4,0.2,0.8,Ziaire Williams,
37,ALL,5.7,2.1,0.9,0.4,0.2,1,Ziaire Williams,MEM
15,Road,24.8,7.8,5,1,0.4,3.3,Zion Williamson,
29,ALL,26,7,4.6,1.1,0.6,3.4,Zion Williamson,NOP
14,Home,27.3,6.1,4.1,1.2,0.7,3.5,Zion Williamson,
